"Date","Price","Open","High","Low","Change %"
"Oct 18, 2019","33.5750","33.9350","34.0350","33.4750","0.00%"
"Oct 17, 2019","33.5750","33.5750","34.0350","33.4150","0.00%"
"Oct 16, 2019","33.5750","33.5750","34.0250","33.4750","0.00%"
"Oct 15, 2019","33.5750","33.5750","34.0250","33.4750","0.00%"
"Oct 14, 2019","33.5750","34.0050","34.0150","33.5750","0.00%"
"Oct 11, 2019","33.5750","33.5750","34.0050","33.4750","0.00%"
"Oct 10, 2019","33.5750","33.5750","34.0050","33.4750","0.00%"
"Oct 09, 2019","33.5750","33.5750","33.9950","33.4750","0.00%"
"Oct 08, 2019","33.5750","33.5750","33.9950","33.4750","0.00%"
"Oct 07, 2019","33.5750","33.9750","33.9850","33.4750","0.00%"
"Oct 04, 2019","33.5750","33.5750","33.9750","33.4750","0.00%"
"Oct 03, 2019","33.5750","33.6550","33.9750","33.5550","-0.12%"
"Oct 02, 2019","33.6150","33.6150","33.9250","33.4650","0.00%"
"Oct 01, 2019","33.6150","33.5950","33.9250","33.5850","0.00%"
"Sep 30, 2019","33.6150","33.9050","33.9150","33.4950","0.18%"
"Sep 27, 2019","33.5550","33.5550","33.9750","33.5550","0.00%"
"Sep 26, 2019","33.5550","33.5550","33.9550","33.4550","0.00%"
"Sep 25, 2019","33.5550","33.9550","33.9550","33.4550","-0.97%"
"Sep 24, 2019","33.8850","33.4850","33.8850","33.3850","0.98%"
"Sep 23, 2019","33.5550","33.9350","33.9450","33.4650","0.00%"
"Sep 20, 2019","33.5550","33.5350","33.9350","33.4450","-0.89%"
"Sep 19, 2019","33.8550","33.4650","33.8550","33.3550","0.92%"
"Sep 18, 2019","33.5450","33.5450","33.9350","33.4050","0.00%"
"Sep 17, 2019","33.5450","33.5450","33.9350","33.5450","0.00%"
"Sep 16, 2019","33.5450","33.9150","33.9250","33.4350","-0.86%"
"Sep 13, 2019","33.8350","33.4650","33.8450","33.3650","0.86%"
"Sep 12, 2019","33.5450","33.5450","33.9250","33.4450","0.00%"
"Sep 11, 2019","33.5450","33.8950","33.9050","33.4450","-0.78%"
"Sep 10, 2019","33.8100","33.4900","33.8400","33.4000","0.79%"
"Sep 09, 2019","33.5450","33.8750","33.9150","33.4450","-0.74%"
"Sep 06, 2019","33.7950","33.4650","33.7950","33.4650","0.75%"
"Sep 05, 2019","33.5450","33.5450","33.8750","33.4550","0.00%"
"Sep 04, 2019","33.5450","33.5050","33.8850","33.4050","0.06%"
"Sep 03, 2019","33.5250","33.5250","33.9250","33.4450","-0.71%"
"Sep 02, 2019","33.7650","33.7650","33.7650","33.4250","0.72%"
"Aug 30, 2019","33.5250","33.5250","33.8650","33.5250","0.00%"
"Aug 29, 2019","33.5250","33.5250","33.8650","33.4550","0.00%"
"Aug 28, 2019","33.5250","33.5250","33.8550","33.5250","0.00%"
"Aug 27, 2019","33.5250","33.5250","33.8550","33.5250","-0.68%"
"Aug 26, 2019","33.7550","33.7350","33.7550","33.4250","0.69%"
"Aug 23, 2019","33.5250","33.5250","33.8550","33.4550","0.00%"
"Aug 22, 2019","33.5250","33.5250","33.8550","33.4550","0.00%"
"Aug 21, 2019","33.5250","33.5250","33.8550","33.4550","0.00%"
"Aug 20, 2019","33.5250","33.5250","33.8250","33.4550","0.00%"
"Aug 19, 2019","33.5250","33.8050","33.8850","33.4450","-0.53%"
"Aug 16, 2019","33.7050","33.7050","33.8450","33.3350","0.00%"
"Aug 15, 2019","33.7050","33.4250","33.8250","33.3450","0.54%"
"Aug 14, 2019","33.5250","33.5250","33.9050","33.4450","0.00%"
"Aug 13, 2019","33.5250","33.5250","33.8550","33.4550","0.00%"
"Aug 12, 2019","33.5250","33.7750","33.8650","33.4650","-0.45%"
"Aug 09, 2019","33.6750","33.4250","33.7750","33.3650","0.45%"
"Aug 08, 2019","33.5250","33.5250","33.8750","33.4550","0.00%"
"Aug 07, 2019","33.5250","33.5250","33.8750","33.4450","0.00%"
"Aug 06, 2019","33.5250","33.5250","33.8750","33.4650","0.00%"
"Aug 05, 2019","33.5250","33.7450","33.8750","33.4250","-0.36%"
"Aug 02, 2019","33.6450","33.4250","33.7750","33.3250","0.36%"
"Aug 01, 2019","33.5250","33.5250","33.8750","33.4750","0.00%"
"Jul 31, 2019","33.5250","33.5250","33.7350","33.4550","0.00%"
"Jul 30, 2019","33.5250","33.4550","33.7350","33.1850","1.62%"
"Jul 29, 2019","32.9900","33.1500","33.2600","32.8900","-1.52%"
"Jul 26, 2019","33.5000","33.2800","33.5400","33.1800","1.55%"
"Jul 25, 2019","32.9900","32.9900","33.2400","32.8100","0.00%"
"Jul 24, 2019","32.9900","33.2100","33.3400","32.9900","-1.80%"
"Jul 23, 2019","33.5950","33.5950","33.5950","33.0050","0.00%"
"Jul 22, 2019","33.5950","33.0150","33.5950","33.0150","1.83%"
"Jul 19, 2019","32.9900","32.9900","33.2200","32.8900","0.00%"
"Jul 18, 2019","32.9900","32.9900","33.2100","32.9600","0.00%"
"Jul 17, 2019","32.9900","32.9900","33.2200","32.7700","0.00%"
"Jul 16, 2019","32.9900","32.9300","33.2000","32.7800","0.09%"
"Jul 15, 2019","32.9600","33.2200","33.2300","32.7200","0.00%"
"Jul 12, 2019","32.9600","33.0400","33.2200","32.8200","0.00%"
"Jul 11, 2019","32.9600","32.9600","33.2100","32.6400","0.00%"
"Jul 10, 2019","32.9600","32.9600","33.2100","32.7500","0.00%"
"Jul 09, 2019","32.9600","32.9600","33.2000","32.7500","0.00%"
"Jul 08, 2019","32.9600","33.1800","33.2900","32.6800","0.03%"
"Jul 05, 2019","32.9500","32.9500","33.1900","32.7500","0.00%"
"Jul 04, 2019","32.9500","32.9500","33.1900","32.9500","-1.69%"
"Jul 03, 2019","33.5150","33.2750","33.5150","33.1050","1.71%"
"Jul 02, 2019","32.9500","32.9500","33.1800","32.9000","0.00%"
"Jul 01, 2019","32.9500","33.1600","33.1900","32.9200","0.00%"
"Jun 28, 2019","32.9500","32.9700","33.1600","32.7900","-0.03%"
"Jun 27, 2019","32.9600","32.9600","33.1500","32.7400","0.00%"
"Jun 26, 2019","32.9600","32.9600","33.1400","32.8100","0.00%"
"Jun 25, 2019","32.9600","32.9600","33.1400","32.9100","0.00%"
"Jun 24, 2019","32.9600","33.1200","33.1400","32.5500","0.00%"
"Jun 21, 2019","32.9600","32.9600","33.1200","32.9300","0.00%"
"Jun 20, 2019","32.9600","32.9600","33.1200","32.6800","0.00%"
"Jun 19, 2019","32.9600","33.1100","33.1400","32.7700","-1.45%"
"Jun 18, 2019","33.4450","33.2950","33.4950","33.0850","1.47%"
"Jun 17, 2019","32.9600","33.0900","33.1000","32.9100","0.00%"
"Jun 14, 2019","32.9600","32.9600","33.0900","32.7800","0.00%"
"Jun 13, 2019","32.9600","32.9600","33.0900","32.9300","0.00%"
"Jun 12, 2019","32.9600","32.9400","33.0800","32.9400","0.03%"
"Jun 11, 2019","32.9500","32.9500","33.1700","32.9200","-1.36%"
"Jun 10, 2019","33.4050","33.3950","33.4850","33.2750","0.03%"
"Jun 07, 2019","33.3950","33.2750","33.4350","32.9550","1.35%"
"Jun 06, 2019","32.9500","32.9500","33.0700","32.9200","0.00%"
"Jun 05, 2019","32.9500","32.9500","33.0600","32.7600","0.00%"
"Jun 04, 2019","32.9500","32.9500","33.0600","32.5700","0.00%"
"Jun 03, 2019","32.9500","32.4200","33.0500","32.4100","0.00%"
"May 31, 2019","32.9500","32.9500","33.0400","32.7700","0.00%"
"May 30, 2019","32.9500","32.9500","33.1500","32.7900","0.00%"
"May 29, 2019","32.9500","32.9500","33.0300","32.5400","0.00%"
"May 28, 2019","32.9500","32.7500","33.0300","32.7500","0.30%"
"May 27, 2019","32.8500","33.1100","33.1200","32.8500","-0.23%"
"May 24, 2019","32.9250","32.9250","33.0650","32.5750","0.00%"
"May 23, 2019","32.9250","32.8750","33.0250","32.7450","0.08%"
"May 22, 2019","32.9000","32.9000","33.0500","32.6800","0.00%"
"May 21, 2019","32.9000","33.0400","33.0600","32.6900","-1.25%"
"May 20, 2019","33.3150","33.1750","33.3150","33.1150","0.03%"
"May 17, 2019","33.3050","33.2950","33.3550","33.0050","0.03%"
"May 16, 2019","33.2950","33.2950","33.3450","33.0750","1.20%"
"May 15, 2019","32.9000","32.9000","33.0200","32.8000","0.00%"
"May 14, 2019","32.9000","32.9000","33.0100","32.7400","0.00%"
"May 13, 2019","32.9000","32.9000","33.0600","32.8400","0.00%"
"May 10, 2019","32.9000","32.8700","33.0200","32.6200","0.05%"
"May 09, 2019","32.8850","32.8850","33.0050","32.7350","0.00%"
"May 08, 2019","32.8850","32.8850","33.0550","32.7450","0.00%"
"May 07, 2019","32.8850","32.8850","32.9950","32.7050","0.00%"
"May 06, 2019","32.8850","32.9850","32.9950","32.8150","0.00%"
"May 03, 2019","32.8850","32.8850","32.9850","32.7850","0.00%"
"May 02, 2019","32.8850","32.8450","32.9750","32.7150","0.06%"
"May 01, 2019","32.8650","32.8650","32.9950","32.6950","0.00%"
"Apr 30, 2019","32.8650","32.8650","32.9850","32.6050","0.00%"
"Apr 29, 2019","32.8650","32.9450","32.9850","32.8150","0.03%"
"Apr 26, 2019","32.8550","32.9550","32.9650","32.5750","-0.99%"
"Apr 25, 2019","33.1850","33.0750","33.1850","33.0150","1.02%"
"Apr 24, 2019","32.8500","32.8500","33.0700","32.7800","0.00%"
"Apr 23, 2019","32.8500","32.8500","33.0600","32.6900","0.00%"
"Apr 22, 2019","32.8500","32.8500","32.9700","32.8200","0.00%"
"Apr 19, 2019","32.8500","32.8500","32.9500","32.7500","0.00%"
"Apr 18, 2019","32.8500","32.8500","32.9500","32.8300","0.00%"
"Apr 17, 2019","32.8500","32.8500","32.9500","32.7300","0.00%"
"Apr 16, 2019","32.8500","32.8200","33.0100","32.7000","0.05%"
"Apr 15, 2019","32.8350","32.9350","32.9450","32.8050","-0.94%"
"Apr 12, 2019","33.1450","33.0450","33.2450","32.9550","0.94%"
"Apr 11, 2019","32.8350","32.8350","32.9350","32.6950","0.00%"
"Apr 10, 2019","32.8350","32.8350","32.9350","32.7650","0.00%"
"Apr 09, 2019","32.8350","32.8850","33.0350","32.6950","-0.08%"
"Apr 08, 2019","32.8600","32.8600","32.9100","32.6700","0.00%"
"Apr 05, 2019","32.8600","32.8600","32.8800","32.6700","0.00%"
"Apr 04, 2019","32.8600","32.8600","32.8800","32.6700","0.00%"
"Apr 03, 2019","32.8600","32.8600","32.9600","32.6700","0.00%"
"Apr 02, 2019","32.8600","32.9000","32.9000","32.6700","-0.06%"
"Apr 01, 2019","32.8800","32.8400","32.9200","32.6500","0.00%"
"Mar 29, 2019","32.8800","32.8800","32.9300","32.6500","0.00%"
"Mar 28, 2019","32.8800","32.8800","32.9500","32.6200","0.00%"
"Mar 27, 2019","32.8800","32.7700","32.9800","32.6500","0.17%"
"Mar 26, 2019","32.8250","32.8250","32.9250","32.7050","0.00%"
"Mar 25, 2019","32.8250","32.8650","32.9350","32.7050","-0.17%"
"Mar 22, 2019","32.8800","32.8800","32.9700","32.6200","0.00%"
"Mar 21, 2019","32.8800","32.8800","32.8800","32.6000","0.00%"
"Mar 20, 2019","32.8800","32.8800","32.9200","32.6200","0.00%"
"Mar 19, 2019","32.8800","32.9000","32.9400","32.6200","-0.03%"
"Mar 18, 2019","32.8900","32.7600","32.8900","32.6600","0.00%"
"Mar 15, 2019","32.8900","32.9100","32.9100","32.6400","-0.03%"
"Mar 14, 2019","32.9000","32.9000","32.9000","32.6000","0.00%"
"Mar 13, 2019","32.9000","32.9000","32.9000","32.6000","0.00%"
"Mar 12, 2019","32.9000","32.9000","32.9000","32.5800","0.00%"
"Mar 11, 2019","32.9000","32.7200","32.9000","32.6000","0.00%"
"Mar 08, 2019","32.9000","32.9000","33.0100","32.7200","0.00%"
"Mar 07, 2019","32.9000","32.7200","32.9000","32.6000","0.00%"
"Mar 06, 2019","32.9000","32.9000","32.9000","32.5900","0.00%"
"Mar 05, 2019","32.9000","32.9000","32.9100","32.6000","0.00%"
"Mar 04, 2019","32.9000","32.6900","32.9000","32.5500","0.61%"
"Mar 01, 2019","32.7000","33.0500","33.0500","32.6500","-0.61%"
"Feb 28, 2019","32.9000","32.9000","32.9000","32.5000","0.00%"
"Feb 27, 2019","32.9000","32.8300","32.9000","32.5100","0.11%"
"Feb 26, 2019","32.8650","32.8650","32.8650","32.6050","0.00%"
"Feb 25, 2019","32.8650","32.6650","32.8750","32.5450","0.00%"
"Feb 22, 2019","32.8650","32.8650","32.8850","32.5650","0.00%"
"Feb 21, 2019","32.8650","32.8850","32.8850","32.5450","-0.03%"
"Feb 20, 2019","32.8750","32.8750","32.8750","32.5350","0.00%"
"Feb 19, 2019","32.8750","32.8650","32.8750","32.5650","0.02%"
"Feb 18, 2019","32.8700","32.6600","32.8700","32.6600","0.00%"
"Feb 15, 2019","32.8700","32.8700","32.8700","32.5400","-0.11%"
"Feb 14, 2019","32.9050","33.1150","33.1150","32.7850","0.11%"
"Feb 13, 2019","32.8700","32.8500","32.8700","32.5400","0.03%"
"Feb 12, 2019","32.8600","32.8600","32.8600","32.5400","0.00%"
"Feb 11, 2019","32.8600","32.6300","32.8600","32.5400","0.03%"
"Feb 08, 2019","32.8500","32.8500","32.8500","32.4700","0.00%"
"Feb 07, 2019","32.8500","32.8000","32.8500","32.3700","0.08%"
"Feb 06, 2019","32.8250","32.8150","32.8250","32.5150","0.02%"
"Feb 05, 2019","32.8200","32.8200","32.8200","32.4800","0.00%"
"Feb 04, 2019","32.8200","32.6500","32.8200","32.5600","-0.08%"
"Feb 01, 2019","32.8450","33.0150","33.0150","32.6750","0.08%"
"Jan 31, 2019","32.8200","32.8100","32.8200","32.5300","0.02%"
"Jan 30, 2019","32.8150","32.7150","32.8150","32.4350","0.77%"
"Jan 29, 2019","32.5650","32.5750","32.5750","32.2850","-0.02%"
"Jan 28, 2019","32.5700","32.5700","32.5700","32.3300","0.00%"
"Jan 25, 2019","32.5700","32.5700","32.5700","32.4600","0.00%"
"Jan 24, 2019","32.5700","32.5500","32.5700","32.3600","0.03%"
"Jan 23, 2019","32.5600","32.5600","32.5600","32.2700","0.00%"
"Jan 22, 2019","32.5600","32.5100","32.5600","32.4600","0.08%"
"Jan 21, 2019","32.5350","32.2950","32.5950","32.2950","-0.09%"
"Jan 18, 2019","32.5650","32.5350","32.5650","32.2850","0.05%"
"Jan 17, 2019","32.5500","32.5600","32.5600","32.3500","-0.02%"
"Jan 16, 2019","32.5550","32.5350","32.5550","32.3450","0.18%"
"Jan 15, 2019","32.4950","32.4950","32.4950","32.2950","0.00%"
"Jan 14, 2019","32.4950","32.3750","32.4950","32.1950","-0.76%"
"Jan 11, 2019","32.7450","32.8450","32.8450","32.6250","0.80%"
"Jan 10, 2019","32.4850","32.4850","32.4850","32.2650","0.00%"
"Jan 09, 2019","32.4850","32.4850","32.4850","32.2750","0.00%"
"Jan 08, 2019","32.4850","32.4850","32.4850","32.2750","0.00%"
"Jan 07, 2019","32.4850","32.4750","32.4850","32.0750","0.02%"
"Jan 04, 2019","32.4800","32.4400","32.4800","32.2600","0.06%"
"Jan 03, 2019","32.4600","32.4600","32.4600","32.1800","0.00%"
"Jan 02, 2019","32.4600","32.4400","32.4600","32.2700","0.03%"
"Jan 01, 2019","32.4500","32.4500","32.4500","32.3700","0.00%"
"Dec 31, 2018","32.4500","32.4500","32.4500","32.2800","0.00%"
"Dec 28, 2018","32.4500","32.4700","32.4700","32.3000","-0.03%"
"Dec 27, 2018","32.4600","32.3400","32.4600","32.2500","0.19%"
"Dec 26, 2018","32.4000","32.4000","32.4700","32.3500","0.00%"
"Dec 25, 2018","32.4000","32.4000","32.4000","32.3900","0.00%"
"Dec 24, 2018","32.4000","32.3900","32.5200","32.2000","-0.81%"
"Dec 21, 2018","32.6650","32.7950","32.7950","32.5050","0.63%"
"Dec 20, 2018","32.4600","32.4600","32.4600","32.1900","0.00%"
"Dec 19, 2018","32.4600","32.4400","32.4600","32.2100","0.03%"
"Dec 18, 2018","32.4500","32.4500","32.4500","32.1100","0.00%"
"Dec 17, 2018","32.4500","32.3100","32.4500","32.0800","0.00%"
"Dec 14, 2018","32.4500","32.4000","32.4500","32.2000","0.09%"
"Dec 13, 2018","32.4200","32.6000","32.6000","32.3500","-0.02%"
"Dec 12, 2018","32.4250","32.4550","32.4550","32.2150","-0.05%"
"Dec 11, 2018","32.4400","32.4500","32.4500","32.1600","-0.02%"
"Dec 10, 2018","32.4450","32.3850","32.4450","32.1850","0.05%"
"Dec 07, 2018","32.4300","32.4300","32.4500","32.1200","0.00%"
"Dec 06, 2018","32.4300","32.4700","32.4700","32.0600","-0.06%"
"Dec 05, 2018","32.4500","32.4000","32.4500","32.1600","0.08%"
"Dec 04, 2018","32.4250","32.4250","32.4250","32.2550","0.00%"
"Dec 03, 2018","32.4250","32.4950","32.4950","32.1750","-0.11%"
"Nov 30, 2018","32.4600","32.3400","32.4600","32.0900","0.46%"
"Nov 29, 2018","32.3100","32.3900","32.3900","32.0100","-0.25%"
"Nov 28, 2018","32.3900","32.3900","32.3900","32.0900","0.00%"
"Nov 27, 2018","32.3900","32.3900","32.3900","32.0600","0.00%"
"Nov 26, 2018","32.3900","32.3100","32.3900","32.0700","0.12%"
"Nov 23, 2018","32.3500","32.4000","32.4000","32.1000","-0.08%"
"Nov 22, 2018","32.3750","32.3750","32.3750","32.0750","0.00%"
"Nov 21, 2018","32.3750","32.3650","32.3750","32.0050","0.02%"
"Nov 20, 2018","32.3700","32.3200","32.3700","32.1800","0.08%"
"Nov 19, 2018","32.3450","32.3350","32.3450","32.0550","0.02%"
"Nov 16, 2018","32.3400","32.3400","32.3400","32.0600","0.00%"
"Nov 15, 2018","32.3400","32.3300","32.3400","32.0600","0.02%"
"Nov 14, 2018","32.3350","32.3150","32.3350","32.1150","0.03%"
"Nov 13, 2018","32.3250","32.3250","32.3250","32.0950","0.00%"
"Nov 12, 2018","32.3250","32.3350","32.3350","32.3150","-0.02%"
"Nov 09, 2018","32.3300","32.3200","32.3300","32.0300","0.02%"
"Nov 08, 2018","32.3250","32.3250","32.3250","32.0250","0.00%"
"Nov 07, 2018","32.3250","32.2850","32.3250","32.0250","0.06%"
"Nov 06, 2018","32.3050","32.3050","32.3050","32.0250","0.00%"
"Nov 05, 2018","32.3050","32.2750","32.3050","32.0150","0.05%"
"Nov 02, 2018","32.2900","32.2900","32.2900","32.0200","0.00%"
"Nov 01, 2018","32.2900","32.4100","32.4100","32.0600","-0.19%"
"Oct 31, 2018","32.3500","32.3000","32.3500","31.9500","0.08%"
"Oct 30, 2018","32.3250","32.2850","32.3250","32.0350","0.06%"
"Oct 29, 2018","32.3050","32.2950","32.3050","31.9950","0.02%"
"Oct 26, 2018","32.3000","32.3000","32.3000","31.9300","0.00%"
"Oct 25, 2018","32.3000","32.1000","32.3000","32.0100","0.02%"
"Oct 24, 2018","32.2950","32.2450","32.2950","32.0150","0.47%"
"Oct 23, 2018","32.1450","32.1250","32.1450","31.8850","0.03%"
"Oct 22, 2018","32.1350","32.0250","32.1350","31.9250","0.02%"
"Oct 19, 2018","32.1300","32.0100","32.1300","31.9900","0.00%"
"Oct 18, 2018","32.1300","32.0100","32.1300","31.9300","-0.68%"
"Oct 17, 2018","32.3500","32.4900","32.4900","32.2400","0.70%"
"Oct 16, 2018","32.1250","32.0950","32.1250","31.9350","0.05%"
"Oct 15, 2018","32.1100","32.0300","32.1100","31.9200","0.00%"
"Oct 12, 2018","32.1100","32.1100","32.1100","31.8600","0.00%"
"Oct 11, 2018","32.1100","32.1100","32.1100","31.8300","0.00%"
"Oct 10, 2018","32.1100","32.1100","32.1100","31.7500","0.00%"
"Oct 09, 2018","32.1100","32.0900","32.1100","31.8400","-0.73%"
"Oct 08, 2018","32.3450","32.4350","32.4350","32.0150","0.75%"
"Oct 05, 2018","32.1050","32.0850","32.1050","31.8550","-0.96%"
"Oct 04, 2018","32.4150","32.4250","32.4450","32.2450","0.98%"
"Oct 03, 2018","32.1000","32.1000","32.1000","31.8200","0.00%"
"Oct 02, 2018","32.1000","32.1000","32.1000","31.8800","0.00%"
"Oct 01, 2018","32.1000","32.1000","32.1000","31.8500","0.00%"
"Sep 28, 2018","32.1000","32.1000","32.1000","31.9000","-0.67%"
"Sep 27, 2018","32.3150","32.3950","32.3950","31.9950","0.87%"
"Sep 26, 2018","32.0350","31.9850","32.0350","31.7950","0.08%"
"Sep 25, 2018","32.0100","32.0100","32.0100","31.8400","0.00%"
"Sep 24, 2018","32.0100","32.0100","32.0100","31.8400","0.00%"
"Sep 21, 2018","32.0100","32.0100","32.0100","31.9400","-1.04%"
"Sep 20, 2018","32.3450","32.3450","32.3450","32.1350","1.05%"
"Sep 19, 2018","32.0100","31.9800","32.0100","31.7800","0.19%"
"Sep 18, 2018","31.9500","31.9500","31.9500","31.7300","0.00%"
"Sep 17, 2018","31.9500","31.9500","31.9500","31.6900","-1.10%"
"Sep 14, 2018","32.3050","32.3150","32.3150","31.9150","1.10%"
"Sep 13, 2018","31.9550","31.8750","31.9850","31.6250","-0.87%"
"Sep 12, 2018","32.2350","32.2150","32.3150","32.0550","0.06%"
"Sep 11, 2018","32.2150","32.3150","32.3150","32.0550","-0.25%"
"Sep 10, 2018","32.2950","32.2750","32.3150","32.0550","1.06%"
"Sep 07, 2018","31.9550","31.9550","31.9550","31.7450","0.00%"
"Sep 06, 2018","31.9550","31.9150","31.9550","31.6950","0.06%"
"Sep 05, 2018","31.9350","31.9350","31.9350","31.7150","0.00%"
"Sep 04, 2018","31.9350","31.9350","31.9350","31.7150","0.00%"
"Sep 03, 2018","31.9350","31.9350","31.9350","31.9350","0.00%"
"Aug 31, 2018","31.9350","31.9350","31.9350","31.8650","0.00%"
"Aug 30, 2018","31.9350","31.9350","31.9350","31.6150","0.00%"
"Aug 29, 2018","31.9350","31.9250","31.9350","31.7150","0.02%"
"Aug 28, 2018","31.9300","31.9300","31.9300","31.5300","0.00%"
"Aug 27, 2018","31.9300","31.9000","31.9300","31.8700","0.05%"
"Aug 24, 2018","31.9150","31.8250","31.9150","31.8250","0.00%"
"Aug 23, 2018","31.9150","31.9150","31.9150","31.5150","0.00%"
"Aug 22, 2018","31.9150","31.8850","31.9150","31.5150","0.05%"
"Aug 21, 2018","31.9000","31.9000","31.9000","31.4500","0.00%"
"Aug 20, 2018","31.9000","31.8200","31.9000","31.3800","0.13%"
"Aug 17, 2018","31.8600","31.8600","31.8600","31.6100","0.00%"
"Aug 16, 2018","31.8600","31.8600","31.8600","31.4600","0.00%"
"Aug 15, 2018","31.8600","31.8600","31.9200","31.4400","0.00%"
"Aug 14, 2018","31.8600","31.9300","31.9300","31.6400","-0.11%"
"Aug 13, 2018","31.8950","31.8950","31.9150","31.6050","0.00%"
"Aug 10, 2018","31.8950","31.8950","31.9150","31.4350","0.00%"
"Aug 09, 2018","31.8950","31.8950","31.8950","31.4450","0.00%"
"Aug 08, 2018","31.8950","31.8950","31.8950","31.4550","0.00%"
"Aug 07, 2018","31.8950","31.8950","31.8950","31.4550","0.00%"
"Aug 06, 2018","31.8950","31.9150","31.9150","31.5750","0.00%"
"Aug 03, 2018","31.8950","31.8950","31.8950","31.4250","0.00%"
"Aug 02, 2018","31.8950","31.8950","31.8950","31.4550","0.00%"
"Aug 01, 2018","31.8950","31.8950","31.8950","31.4550","0.00%"
"Jul 31, 2018","31.8950","31.8950","31.8950","31.3850","0.00%"
"Jul 30, 2018","31.8950","31.8850","31.8950","31.3850","0.03%"
"Jul 27, 2018","31.8850","31.8850","31.8850","31.7250","0.00%"
"Jul 26, 2018","31.8850","31.8850","31.8850","31.5350","0.00%"
"Jul 25, 2018","31.8850","31.8850","31.8850","31.7250","0.02%"
"Jul 24, 2018","31.8800","31.8800","31.8800","31.5100","0.00%"
"Jul 23, 2018","31.8800","31.8400","31.8800","31.3900","0.30%"
"Jul 20, 2018","31.7850","31.7850","31.7850","30.9950","0.00%"
"Jul 19, 2018","31.7850","31.7850","31.7850","30.9650","0.00%"
"Jul 18, 2018","31.7850","31.7850","31.7850","31.3350","0.00%"
"Jul 17, 2018","31.7850","31.7650","31.7850","30.9150","0.06%"
"Jul 16, 2018","31.7650","31.3750","31.7650","30.9950","0.11%"
"Jul 13, 2018","31.7300","31.7300","31.7300","31.3000","0.00%"
"Jul 12, 2018","31.7300","31.7300","31.7300","31.0100","0.00%"
"Jul 11, 2018","31.7300","31.7300","31.7300","31.0100","1.16%"
"Jul 10, 2018","31.3650","32.0850","32.0850","31.3450","-1.15%"
"Jul 09, 2018","31.7300","31.0100","31.7500","31.0100","-0.03%"
"Jul 06, 2018","31.7400","31.7200","31.7400","30.9800","0.03%"
"Jul 05, 2018","31.7300","31.7100","31.7300","30.9900","0.08%"
"Jul 04, 2018","31.7050","31.7050","31.7050","30.9850","0.00%"
"Jul 03, 2018","31.7050","31.7050","31.7050","30.9850","0.00%"
"Jul 02, 2018","31.7050","31.7050","31.7050","30.9950","0.00%"
"Jun 29, 2018","31.7050","31.7050","31.7050","30.9950","0.00%"
"Jun 28, 2018","31.7050","31.7050","31.7050","30.9850","0.00%"
"Jun 27, 2018","31.7050","31.7050","31.7050","30.9850","0.00%"
"Jun 26, 2018","31.7050","31.7050","31.7050","30.9850","0.00%"
"Jun 25, 2018","31.7050","31.4250","31.7050","31.0050","0.00%"
"Jun 22, 2018","31.7050","31.6750","31.7050","31.0050","0.08%"
"Jun 21, 2018","31.6800","31.6800","31.6800","31.0100","0.00%"
"Jun 20, 2018","31.6800","31.6500","31.6800","31.0000","0.05%"
"Jun 19, 2018","31.6650","31.6650","31.6650","31.0150","0.00%"
"Jun 18, 2018","31.6650","31.6650","31.6650","31.0150","0.00%"
"Jun 15, 2018","31.6650","31.6750","31.6750","31.0150","-0.02%"
"Jun 14, 2018","31.6700","31.6700","31.6700","31.0100","0.00%"
"Jun 13, 2018","31.6700","31.6700","31.6700","31.0100","0.00%"
"Jun 12, 2018","31.6700","31.6700","31.6700","31.0000","0.00%"
"Jun 11, 2018","31.6700","31.0100","31.6700","31.0100","0.13%"
"Jun 08, 2018","31.6300","31.6300","31.6300","31.0500","0.00%"
"Jun 07, 2018","31.6300","31.6300","31.6300","31.0500","0.88%"
"Jun 06, 2018","31.3550","31.9150","31.9350","31.3550","-0.84%"
"Jun 05, 2018","31.6200","31.6500","31.6500","31.0600","-0.05%"
"Jun 04, 2018","31.6350","31.0450","31.6350","31.0450","0.02%"
"Jun 01, 2018","31.6300","31.6000","31.6300","31.0100","0.05%"
"May 31, 2018","31.6150","31.5850","31.6150","31.0250","0.86%"
"May 30, 2018","31.3450","31.8750","31.8750","31.3450","-0.29%"
"May 29, 2018","31.4350","31.7950","31.8650","31.3450","-0.10%"
"May 28, 2018","31.4650","31.0250","31.4650","31.0150","0.00%"
"May 25, 2018","31.4650","31.4650","31.4650","31.0050","0.00%"
"May 24, 2018","31.4650","31.0250","31.4650","31.0050","0.13%"
"May 23, 2018","31.4250","31.3050","31.7050","31.3050","0.22%"
"May 22, 2018","31.3550","31.7350","31.7350","31.3450","-0.08%"
"May 21, 2018","31.3800","31.0100","31.3800","30.9500","0.00%"
"May 18, 2018","31.3800","31.3800","31.3800","31.0000","0.00%"
"May 17, 2018","31.3800","31.3500","31.3800","30.9800","0.05%"
"May 16, 2018","31.3650","31.0250","31.3650","31.0150","0.00%"
"May 15, 2018","31.3650","31.3650","31.6950","31.3550","0.00%"
"May 14, 2018","31.3650","31.6950","31.6950","31.3250","0.02%"
"May 11, 2018","31.3600","31.3100","31.3600","31.0200","0.08%"
"May 10, 2018","31.3350","31.3250","31.3350","31.0450","0.02%"
"May 09, 2018","31.3300","31.3300","31.3300","31.0500","0.00%"
"May 08, 2018","31.3300","31.3000","31.3300","31.0200","-0.05%"
"May 07, 2018","31.3450","31.5750","31.6050","31.3450","0.38%"
"May 04, 2018","31.2250","31.2250","31.2250","30.9950","0.00%"
"May 03, 2018","31.2250","31.1950","31.2250","31.0050","0.05%"
"May 02, 2018","31.2100","31.2100","31.3100","31.0200","0.00%"
"May 01, 2018","31.2100","31.2100","31.2100","31.0200","0.00%"
"Apr 30, 2018","31.2100","31.1700","31.2100","30.9000","0.06%"
"Apr 27, 2018","31.1900","31.1900","31.2000","31.0300","0.00%"
"Apr 26, 2018","31.1900","31.1900","31.1900","31.0100","0.00%"
"Apr 25, 2018","31.1900","31.1900","31.3000","31.0100","0.00%"
"Apr 24, 2018","31.1900","31.2100","31.2100","31.0300","-0.03%"
"Apr 23, 2018","31.2000","31.1700","31.2800","31.0300","0.05%"
"Apr 20, 2018","31.1850","31.0450","31.2850","31.0450","0.00%"
"Apr 19, 2018","31.1850","31.1550","31.2750","31.0450","0.05%"
"Apr 18, 2018","31.1700","31.1700","31.2900","31.0600","0.00%"
"Apr 17, 2018","31.1700","31.0600","31.2800","31.0600","0.00%"
"Apr 16, 2018","31.1700","31.0600","31.2800","31.0600","0.00%"
"Apr 13, 2018","31.1700","31.1700","31.2700","31.0600","0.00%"
"Apr 12, 2018","31.1700","31.1700","31.1700","31.0600","0.00%"
"Apr 11, 2018","31.1700","31.1700","31.2600","31.0600","0.00%"
"Apr 10, 2018","31.1700","31.1700","31.1700","31.0600","0.00%"
"Apr 09, 2018","31.1700","31.1700","31.2500","31.0600","0.00%"
"Apr 06, 2018","31.1700","31.1700","31.2400","31.0600","0.00%"
"Apr 05, 2018","31.1700","31.1700","31.2300","31.0500","0.00%"
"Apr 04, 2018","31.1700","31.1700","31.2300","31.0300","0.00%"
"Apr 03, 2018","31.1700","31.1700","31.2200","31.0300","0.00%"
"Apr 02, 2018","31.1700","31.0700","31.1700","31.0400","0.06%"
"Apr 01, 2018","31.1505","31.1505","31.1505","31.1505","-0.06%"
"Mar 30, 2018","31.1700","31.0800","31.2100","31.0300","0.00%"
"Mar 29, 2018","31.1700","31.0600","31.2000","31.0300","0.00%"
"Mar 28, 2018","31.1700","31.1200","31.1700","31.0600","0.08%"
"Mar 27, 2018","31.1450","31.0850","31.2250","31.0350","-0.67%"
"Mar 26, 2018","31.3550","31.3550","31.4850","31.3150","0.68%"
"Mar 25, 2018","31.1425","31.1425","31.1425","31.1425","-0.10%"
"Mar 23, 2018","31.1750","31.0550","31.1750","30.9850","0.00%"
"Mar 22, 2018","31.1750","31.0550","31.1750","31.0450","0.00%"
"Mar 21, 2018","31.1750","31.0550","31.1750","30.9750","0.00%"
"Mar 20, 2018","31.1750","31.0750","31.1750","30.9850","0.16%"
"Mar 19, 2018","31.1250","31.1150","31.1550","31.0750","-0.50%"
"Mar 18, 2018","31.2800","31.2800","31.2800","31.2800","0.50%"
"Mar 16, 2018","31.1250","31.1250","31.1950","31.0250","0.00%"
"Mar 15, 2018","31.1250","31.0650","31.1950","31.0650","-0.03%"
"Mar 14, 2018","31.1350","31.0950","31.1750","30.9650","-0.70%"
"Mar 13, 2018","31.3550","31.3650","31.4350","31.2450","0.71%"
"Mar 12, 2018","31.1350","31.1150","31.1650","30.9950","-0.05%"
"Mar 11, 2018","31.1500","31.1500","31.1500","31.1500","0.08%"
"Mar 09, 2018","31.1250","31.0850","31.1650","31.0250","0.06%"
"Mar 08, 2018","31.1050","31.0950","31.1850","31.0450","-0.03%"
"Mar 07, 2018","31.1150","31.1150","31.1150","30.9850","0.00%"
"Mar 06, 2018","31.1150","31.1150","31.1650","31.0150","0.00%"
"Mar 05, 2018","31.1150","31.1050","31.1550","31.0050","0.10%"
"Mar 04, 2018","31.0850","31.0850","31.0850","31.0850","-0.10%"
"Mar 02, 2018","31.1150","31.1050","31.1450","31.0350","-0.73%"
"Mar 01, 2018","31.3450","31.3750","31.3850","31.2750","0.71%"
"Feb 28, 2018","31.1250","31.1050","31.1250","31.0250","0.00%"
"Feb 27, 2018","31.1250","31.0950","31.1250","31.0950","-0.70%"
"Feb 26, 2018","31.3450","31.2550","31.3750","31.1750","0.61%"
"Feb 25, 2018","31.1555","31.1555","31.1555","31.1555","-0.29%"
"Feb 23, 2018","31.2450","31.2950","31.4050","31.2450","0.39%"
"Feb 22, 2018","31.1250","31.0050","31.1250","30.9750","0.00%"
"Feb 21, 2018","31.1250","31.0350","31.1250","30.9750","0.00%"
"Feb 20, 2018","31.1250","31.0650","31.1250","31.0250","-0.61%"
"Feb 19, 2018","31.3150","31.3150","31.3350","31.3150","0.21%"
"Feb 18, 2018","31.2500","31.2500","31.2500","31.2500","-0.21%"
"Feb 16, 2018","31.3150","31.3050","31.3350","31.2750","0.68%"
"Feb 15, 2018","31.1050","31.1050","31.1050","31.0550","0.00%"
"Feb 14, 2018","31.1050","31.0850","31.1050","31.0450","0.06%"
"Feb 13, 2018","31.0850","31.0850","31.1050","31.0650","-0.67%"
"Feb 12, 2018","31.2950","31.2950","31.3150","31.2950","0.63%"
"Feb 11, 2018","31.1000","31.1000","31.1000","31.1000","-0.62%"
"Feb 09, 2018","31.2950","31.2950","31.3250","31.2250","0.64%"
"Feb 08, 2018","31.0950","31.1050","31.1350","31.0550","-0.06%"
"Feb 07, 2018","31.1150","31.0950","31.1150","31.0350","-0.61%"
"Feb 06, 2018","31.3050","31.3450","31.3750","31.3050","0.66%"
"Feb 05, 2018","31.1000","31.1000","31.1300","30.9700","-0.11%"
"Feb 04, 2018","31.1350","31.1350","31.1350","31.1350","-0.61%"
"Feb 02, 2018","31.3250","31.2750","31.3550","31.2150","0.06%"
"Feb 01, 2018","31.3050","31.3650","31.3650","31.2150","-0.10%"
"Jan 31, 2018","31.3350","31.3550","31.3750","31.2150","0.72%"
"Jan 30, 2018","31.1100","31.0800","31.1400","30.9800","-0.65%"
"Jan 29, 2018","31.3150","31.1550","31.3550","31.1550","0.82%"
"Jan 28, 2018","31.0600","31.0600","31.0600","31.0600","-0.30%"
"Jan 26, 2018","31.1550","31.1650","31.3550","31.0750","-0.03%"
"Jan 25, 2018","31.1650","31.1950","31.2350","31.0750","0.42%"
"Jan 24, 2018","31.0350","30.8950","31.0750","30.8950","-0.34%"
"Jan 23, 2018","31.1400","30.9400","31.1400","30.9400","0.34%"
"Jan 22, 2018","31.0350","30.8450","31.0650","30.8450","-0.21%"
"Jan 21, 2018","31.1000","31.1000","31.1000","31.1000","0.31%"
"Jan 19, 2018","31.0050","31.0750","31.2150","31.0050","0.10%"
"Jan 18, 2018","30.9750","30.9750","31.1050","30.9450","-0.43%"
"Jan 17, 2018","31.1100","30.9200","31.1100","30.9200","0.31%"
"Jan 16, 2018","31.0150","31.0450","31.2050","31.0150","-0.10%"
"Jan 15, 2018","31.0450","31.0450","31.1250","30.9850","0.80%"
"Jan 14, 2018","30.8000","30.8000","30.8000","30.8000","-0.32%"
"Jan 12, 2018","30.9000","30.8600","31.0200","30.8600","-0.40%"
"Jan 11, 2018","31.0250","31.0850","31.1850","30.9650","-0.10%"
"Jan 10, 2018","31.0550","31.0050","31.1550","31.0050","0.73%"
"Jan 09, 2018","30.8300","30.7500","30.9000","30.7500","0.10%"
"Jan 08, 2018","30.8000","30.7800","30.9300","30.7300","-0.24%"
"Jan 07, 2018","30.8735","30.8735","30.8735","30.8735","-0.42%"
"Jan 05, 2018","31.0050","31.0850","31.1550","31.0050","0.62%"
"Jan 04, 2018","30.8150","30.8850","30.9150","30.7250","-0.11%"
"Jan 03, 2018","30.8500","30.7500","30.8700","30.6900","0.00%"
"Jan 02, 2018","30.8500","30.7800","30.8700","30.6900","0.06%"
"Jan 01, 2018","30.8300","30.8300","30.8300","30.8300","0.19%"
"Dec 31, 2017","30.7705","30.7705","30.7705","30.7705","-0.19%"
"Dec 29, 2017","30.8300","30.8300","30.9000","30.8300","0.05%"
"Dec 28, 2017","30.8150","30.8150","30.8850","30.8050","0.00%"
"Dec 27, 2017","30.8150","30.8150","30.8750","30.8150","0.00%"
"Dec 26, 2017","30.8150","30.8150","30.8550","30.7950","-0.08%"
"Dec 25, 2017","30.8400","30.8400","30.8400","30.8400","0.17%"
"Dec 24, 2017","30.7885","30.7885","30.7885","30.7885","-0.09%"
"Dec 22, 2017","30.8150","30.8150","30.8550","30.8050","-0.13%"
"Dec 21, 2017","30.8550","30.8450","30.8550","30.8050","-0.06%"
"Dec 20, 2017","30.8750","30.9350","30.9350","30.8750","0.19%"
"Dec 19, 2017","30.8150","30.7650","30.8450","30.7650","0.00%"
"Dec 18, 2017","30.8150","30.7850","30.8450","30.7850","-0.37%"
"Dec 17, 2017","30.9305","30.9305","30.9305","30.9305","0.42%"
"Dec 15, 2017","30.8000","30.8000","30.8400","30.8000","0.00%"
"Dec 14, 2017","30.8000","30.8500","30.8600","30.8000","-0.08%"
"Dec 13, 2017","30.8250","30.8250","30.8650","30.7850","0.03%"
"Dec 12, 2017","30.8150","30.8350","30.8350","30.7950","-0.31%"
"Dec 11, 2017","30.9100","30.9200","30.9300","30.9000","0.55%"
"Dec 10, 2017","30.7405","30.7405","30.7405","30.7405","-0.44%"
"Dec 08, 2017","30.8750","30.9450","30.9450","30.8750","0.13%"
"Dec 07, 2017","30.8350","30.8350","30.8350","30.7750","0.10%"
"Dec 06, 2017","30.8050","30.8450","30.8650","30.7450","-0.06%"
"Dec 05, 2017","30.8250","30.7750","30.8250","30.7150","0.00%"
"Dec 04, 2017","30.8250","30.8250","30.8250","30.6250","-0.03%"
"Dec 03, 2017","30.8340","30.8340","30.8340","30.8340","0.13%"
"Dec 01, 2017","30.7950","30.8550","30.8550","30.7550","-0.10%"
"Nov 30, 2017","30.8250","30.7750","30.8250","30.6750","0.11%"
"Nov 29, 2017","30.7900","30.7600","30.8100","30.7600","0.02%"
"Nov 28, 2017","30.7850","30.7650","30.7850","30.7650","0.03%"
"Nov 27, 2017","30.7750","30.7750","30.7950","30.7550","0.63%"
"Nov 26, 2017","30.5810","30.5810","30.5810","30.5810","-0.65%"
"Nov 24, 2017","30.7800","30.7700","30.7800","30.7200","0.02%"
"Nov 23, 2017","30.7750","30.7750","30.7750","30.5650","0.00%"
"Nov 22, 2017","30.7750","30.7750","30.7750","30.4750","-0.03%"
"Nov 21, 2017","30.7850","30.8250","30.8250","30.7850","0.57%"
"Nov 20, 2017","30.6100","30.6200","30.6200","30.6000","-0.56%"
"Nov 19, 2017","30.7820","30.7820","30.7820","30.7820","0.02%"
"Nov 17, 2017","30.7750","30.7550","30.7750","30.7550","0.03%"
"Nov 16, 2017","30.7650","30.8050","30.8050","30.5850","-0.06%"
"Nov 15, 2017","30.7850","30.7450","30.7850","30.5650","0.07%"
"Nov 14, 2017","30.7650","30.7450","30.7650","30.5850","0.05%"
"Nov 13, 2017","30.7500","30.7500","30.7600","30.6000","0.22%"
"Nov 12, 2017","30.6825","30.6825","30.6825","30.6825","-0.22%"
"Nov 10, 2017","30.7500","30.7500","30.7500","30.6200","0.57%"
"Nov 09, 2017","30.5750","30.3650","30.5750","29.8550","-0.55%"
"Nov 08, 2017","30.7450","30.7550","30.7550","30.0550","0.57%"
"Nov 07, 2017","30.5700","30.6000","30.6300","29.9100","-0.62%"
"Nov 06, 2017","30.7600","30.7600","30.7600","30.5300","-0.27%"
"Nov 05, 2017","30.8420","30.8420","30.8420","30.8420","0.27%"
"Nov 03, 2017","30.7600","30.7100","30.7900","30.5200","0.08%"
"Nov 02, 2017","30.7350","30.0650","30.8150","30.0650","1.69%"
"Nov 01, 2017","30.2250","30.7150","30.9750","30.2250","-1.79%"
"Oct 31, 2017","30.7750","30.7450","30.7750","30.0450","0.00%"
"Oct 30, 2017","30.7750","30.0850","30.7750","30.0650","-0.02%"
"Oct 29, 2017","30.7825","30.7825","30.7825","30.7825","1.64%"
"Oct 27, 2017","30.2850","30.2950","30.8950","30.2750","-0.03%"
"Oct 26, 2017","30.2950","30.8950","30.8950","30.2950","-1.43%"
"Oct 25, 2017","30.7350","30.1550","30.7550","30.1550","0.31%"
"Oct 24, 2017","30.6400","30.1400","30.7000","30.0600","0.94%"
"Oct 23, 2017","30.3550","30.2950","30.9250","30.2950","-1.47%"
"Oct 22, 2017","30.8075","30.8075","30.8075","30.8075","0.81%"
"Oct 20, 2017","30.5600","30.7700","30.8000","30.1700","-0.62%"
"Oct 19, 2017","30.7500","30.1200","30.7500","30.1200","1.50%"
"Oct 18, 2017","30.2950","30.2850","30.9250","30.2850","-0.85%"
"Oct 17, 2017","30.5550","30.0050","30.5550","30.0050","0.96%"
"Oct 16, 2017","30.2650","30.2850","30.8250","30.2650","-0.18%"
"Oct 15, 2017","30.3200","30.3200","30.3200","30.3200","0.12%"
"Oct 13, 2017","30.2850","30.3050","30.8150","30.2850","-0.07%"
"Oct 12, 2017","30.3050","30.3050","30.8050","30.2950","-0.82%"
"Oct 11, 2017","30.5550","30.0650","30.5550","30.0550","-0.13%"
"Oct 10, 2017","30.5950","30.0850","30.5950","30.0850","1.02%"
"Oct 09, 2017","30.2850","30.3050","30.3050","30.2850","0.19%"
"Oct 08, 2017","30.2280","30.2280","30.2280","30.2280","-0.25%"
"Oct 06, 2017","30.3050","30.2950","30.7850","30.2950","0.03%"
"Oct 05, 2017","30.2950","30.3150","30.7750","30.2950","-0.82%"
"Oct 04, 2017","30.5450","30.0850","30.5450","30.0850","-0.20%"
"Oct 03, 2017","30.6050","30.1450","30.6050","30.1250","0.96%"
"Oct 02, 2017","30.3150","30.3150","30.3550","30.3150","-0.75%"
"Oct 01, 2017","30.5440","30.5440","30.5440","30.5440","0.03%"
"Sep 29, 2017","30.5350","30.0750","30.5350","30.0750","0.79%"
"Sep 28, 2017","30.2950","30.3150","30.3550","30.2950","-0.07%"
"Sep 27, 2017","30.3150","30.3450","30.3550","30.3050","-0.90%"
"Sep 26, 2017","30.5900","30.0900","30.5900","30.0900","0.28%"
"Sep 25, 2017","30.5050","29.9950","30.5050","29.9950","0.71%"
"Sep 24, 2017","30.2905","30.2905","30.2905","30.2905","0.22%"
"Sep 22, 2017","30.2250","30.2450","30.7250","30.2250","-0.07%"
"Sep 21, 2017","30.2450","30.6250","30.7150","30.2350","-0.07%"
"Sep 20, 2017","30.2650","30.6850","30.6850","30.2250","-0.82%"
"Sep 19, 2017","30.5150","30.1450","30.5150","30.0450","0.56%"
"Sep 18, 2017","30.3450","30.3650","30.7150","30.2250","-0.10%"
"Sep 17, 2017","30.3755","30.3755","30.3755","30.3755","0.03%"
"Sep 15, 2017","30.3650","30.3650","30.6950","30.2250","0.00%"
"Sep 14, 2017","30.3650","30.3250","30.6950","30.2450","0.13%"
"Sep 13, 2017","30.3250","30.3150","30.6950","30.3150","-0.96%"
"Sep 12, 2017","30.6200","30.2800","30.6200","30.2500","0.91%"
"Sep 11, 2017","30.3450","30.5550","30.6850","30.3450","-1.07%"
"Sep 10, 2017","30.6725","30.6725","30.6725","30.6725","0.38%"
"Sep 08, 2017","30.5550","30.5850","30.6650","30.5550","-0.28%"
"Sep 07, 2017","30.6400","30.5900","30.6400","30.2300","0.00%"
"Sep 06, 2017","30.6400","30.6100","30.6400","30.2000","-0.02%"
"Sep 05, 2017","30.6450","30.0650","30.6450","30.0650","1.90%"
"Sep 04, 2017","30.0750","29.8050","30.0950","29.8050","0.42%"
"Sep 03, 2017","29.9495","29.9495","29.9495","29.9495","0.48%"
"Sep 01, 2017","29.8050","29.8150","30.1850","29.8050","-0.03%"
"Aug 31, 2017","29.8150","29.8450","30.1550","29.8150","-0.10%"
"Aug 30, 2017","29.8450","29.8550","30.1550","29.8450","-0.03%"
"Aug 29, 2017","29.8550","29.8950","30.1650","29.8550","-0.13%"
"Aug 28, 2017","29.8950","29.8750","30.1450","29.8750","0.89%"
"Aug 27, 2017","29.6315","29.6315","29.6315","29.6315","-0.82%"
"Aug 25, 2017","29.8750","30.0650","30.0650","29.8750","-0.07%"
"Aug 24, 2017","29.8950","29.9050","29.9250","29.8750","-0.03%"
"Aug 23, 2017","29.9050","29.9250","29.9250","29.8750","-1.22%"
"Aug 22, 2017","30.2750","29.6150","30.2750","29.5950","0.02%"
"Aug 21, 2017","30.2700","29.6400","30.2700","29.6200","1.02%"
"Aug 20, 2017","29.9650","29.9650","29.9650","29.9650","-1.17%"
"Aug 18, 2017","30.3200","29.7300","30.3200","29.7000","0.00%"
"Aug 17, 2017","30.3200","29.7600","30.3200","29.7300","0.02%"
"Aug 16, 2017","30.3150","29.7850","30.3150","29.7650","0.90%"
"Aug 15, 2017","30.0450","30.0750","30.0750","30.0450","-0.87%"
"Aug 14, 2017","30.3100","29.4400","30.3100","29.4400","2.57%"
"Aug 13, 2017","29.5505","29.5505","29.5505","29.5505","-0.49%"
"Aug 11, 2017","29.6950","29.7050","29.7050","29.6950","-0.03%"
"Aug 10, 2017","29.7050","29.7350","30.5550","29.7050","-1.96%"
"Aug 09, 2017","30.3000","29.8100","30.3000","29.4900","0.00%"
"Aug 08, 2017","30.3000","29.8200","30.3000","29.8100","0.78%"
"Aug 07, 2017","30.0650","30.0250","30.5450","30.0250","-0.75%"
"Aug 06, 2017","30.2930","30.2930","30.2930","30.2930","0.89%"
"Aug 04, 2017","30.0250","30.0450","30.5250","30.0250","-0.86%"
"Aug 03, 2017","30.2850","30.2850","30.2850","29.8050","0.73%"
"Aug 02, 2017","30.0650","29.8450","30.5250","29.8450","0.74%"
"Aug 01, 2017","29.8450","29.8950","30.5150","29.8450","-0.70%"
"Jul 31, 2017","30.0550","29.8950","30.0550","29.8750","0.73%"
"Jul 30, 2017","29.8385","29.8385","29.8385","29.8385","-0.26%"
"Jul 28, 2017","29.9150","29.9450","30.5050","29.9150","-1.07%"
"Jul 27, 2017","30.2400","29.7100","30.2400","29.6900","0.17%"
"Jul 26, 2017","30.1900","29.7900","30.2800","29.7600","0.20%"
"Jul 25, 2017","30.1300","29.6500","30.1300","29.6200","0.07%"
"Jul 24, 2017","30.1100","29.7000","30.1400","29.6600","0.30%"
"Jul 23, 2017","30.0185","30.0185","30.0185","30.0185","-0.09%"
"Jul 21, 2017","30.0450","30.0650","30.0850","30.0450","-0.73%"
"Jul 20, 2017","30.2650","29.7750","30.2650","29.7750","0.15%"
"Jul 19, 2017","30.2200","29.7600","30.2200","29.7300","0.72%"
"Jul 18, 2017","30.0050","30.0050","30.4550","29.9950","0.00%"
"Jul 17, 2017","30.0050","30.4350","30.4550","30.0050","0.32%"
"Jul 16, 2017","29.9085","29.9085","29.9085","29.9085","-1.73%"
"Jul 14, 2017","30.4350","30.0550","30.4450","30.0250","1.26%"
"Jul 13, 2017","30.0550","30.0750","30.0850","30.0350","-0.07%"
"Jul 12, 2017","30.0750","29.9750","30.4350","29.9750","-0.43%"
"Jul 11, 2017","30.2050","29.7750","30.2050","29.3450","-0.03%"
"Jul 10, 2017","30.2150","29.8450","30.2150","29.7950","0.37%"
"Jul 09, 2017","30.1025","30.1025","30.1025","30.1025","-0.44%"
"Jul 07, 2017","30.2350","29.8950","30.2350","29.8750","0.53%"
"Jul 06, 2017","30.0750","30.0950","30.4050","30.0450","-0.18%"
"Jul 05, 2017","30.1300","29.7800","30.1300","29.7800","0.25%"
"Jul 04, 2017","30.0550","30.0550","30.0550","30.0550","0.32%"
"Jul 03, 2017","29.9600","29.8900","29.9600","29.7600","0.41%"
"Jul 02, 2017","29.8385","29.8385","29.8385","29.8385","-0.06%"
"Jun 30, 2017","29.8550","29.8950","30.3850","29.8550","-0.13%"
"Jun 29, 2017","29.8950","29.9150","30.3850","29.8950","-0.07%"
"Jun 28, 2017","29.9150","29.9350","30.3750","29.9150","-0.42%"
"Jun 27, 2017","30.0400","29.8500","30.2700","29.8300","0.08%"
"Jun 26, 2017","30.0150","29.4450","30.0150","29.4450","1.04%"
"Jun 25, 2017","29.7055","29.6985","29.7055","29.6985","-0.33%"
"Jun 23, 2017","29.8050","29.5450","30.3550","29.5450","-0.63%"
"Jun 22, 2017","29.9950","29.2150","29.9950","29.1850","0.23%"
"Jun 21, 2017","29.9250","29.4850","29.9250","29.4750","1.18%"
"Jun 20, 2017","29.5750","29.5950","30.3450","29.5750","-1.37%"
"Jun 19, 2017","29.9850","29.2650","29.9850","29.2350","0.44%"
"Jun 18, 2017","29.8550","29.8550","29.8550","29.8550","0.78%"
"Jun 16, 2017","29.6250","29.6350","30.3350","29.6250","-1.41%"
"Jun 15, 2017","30.0500","29.3800","30.0500","29.3600","0.20%"
"Jun 14, 2017","29.9900","29.5900","29.9900","29.3200","1.06%"
"Jun 13, 2017","29.6750","29.7050","30.3150","29.6750","-1.07%"
"Jun 12, 2017","29.9950","29.6550","30.2550","29.6450","1.01%"
"Jun 11, 2017","29.6945","29.6945","29.6945","29.6945","-0.07%"
"Jun 09, 2017","29.7150","29.7350","30.3050","29.7150","-0.07%"
"Jun 08, 2017","29.7350","29.7750","30.2950","29.7350","-0.13%"
"Jun 07, 2017","29.7750","29.7750","30.2950","29.7750","0.00%"
"Jun 06, 2017","29.7750","29.7950","29.8050","29.7650","-0.07%"
"Jun 05, 2017","29.7950","29.7350","30.2850","29.7350","0.62%"
"Jun 04, 2017","29.6110","29.6110","29.6110","29.6110","-0.45%"
"Jun 02, 2017","29.7450","29.7650","30.2750","29.7350","0.03%"
"Jun 01, 2017","29.7350","30.2650","30.2750","29.7250","0.03%"
"May 31, 2017","29.7250","29.8450","30.2650","29.7250","-1.00%"
"May 30, 2017","30.0250","29.5550","30.0250","29.5350","0.77%"
"May 29, 2017","29.7950","29.8050","29.8650","29.7950","-0.31%"
"May 28, 2017","29.8865","29.8865","29.8865","29.8865","0.27%"
"May 26, 2017","29.8050","29.7450","30.2450","29.7450","0.20%"
"May 25, 2017","29.7450","29.7750","30.2450","29.7450","-0.87%"
"May 24, 2017","30.0050","29.5450","30.0050","29.5450","0.00%"
"May 23, 2017","30.0050","29.6550","30.0050","29.5450","-0.17%"
"May 22, 2017","30.0550","29.6950","30.0550","29.6150","1.32%"
"May 21, 2017","29.6625","29.6625","29.6625","29.6625","-0.71%"
"May 19, 2017","29.8750","29.9550","30.2150","29.7650","-0.38%"
"May 18, 2017","29.9900","29.9800","29.9900","29.5400","0.76%"
"May 17, 2017","29.7650","29.8750","29.8750","29.7550","-0.72%"
"May 16, 2017","29.9800","29.5600","29.9800","29.5100","0.82%"
"May 15, 2017","29.7350","29.7550","29.9350","29.7350","0.36%"
"May 14, 2017","29.6285","29.6285","29.6285","29.6285","-0.41%"
"May 12, 2017","29.7500","29.7400","29.7700","29.7300","-0.05%"
"May 11, 2017","29.7650","29.7650","29.7950","29.5550","-0.05%"
"May 10, 2017","29.7800","29.5600","29.7800","29.5400","0.69%"
"May 09, 2017","29.5750","29.7250","30.1750","29.5650","-1.09%"
"May 08, 2017","29.9000","29.3300","29.9000","29.2900","1.45%"
"May 07, 2017","29.4715","29.4715","29.4715","29.4715","-1.10%"
"May 05, 2017","29.8000","29.6000","30.1400","29.5800","0.59%"
"May 04, 2017","29.6250","29.6250","29.8850","29.6150","-0.89%"
"May 03, 2017","29.8900","29.6200","29.8900","29.3500","0.93%"
"May 02, 2017","29.6150","29.5650","30.1550","29.5650","0.17%"
"May 01, 2017","29.5650","29.5250","29.8450","29.5250","-0.44%"
"Apr 30, 2017","29.6950","29.6950","29.6950","29.6950","-0.65%"
"Apr 28, 2017","29.8900","29.3500","29.8900","29.2800","1.00%"
"Apr 27, 2017","29.5950","29.6350","30.1350","29.5950","-0.13%"
"Apr 26, 2017","29.6350","29.4550","29.7850","29.4550","0.19%"
"Apr 25, 2017","29.5800","29.5700","29.7300","29.4000","-0.15%"
"Apr 24, 2017","29.6250","29.4550","30.1250","29.4550","0.39%"
"Apr 23, 2017","29.5110","29.5110","29.5110","29.5110","0.19%"
"Apr 21, 2017","29.4550","29.6450","29.8350","29.4550","-0.51%"
"Apr 20, 2017","29.6050","29.9550","30.1050","29.4750","-0.62%"
"Apr 19, 2017","29.7900","29.3000","29.7900","29.0300","0.71%"
"Apr 18, 2017","29.5800","29.5200","29.9700","29.4800","-0.97%"
"Apr 17, 2017","29.8700","29.2500","29.8700","29.2500","0.73%"
"Apr 16, 2017","29.6525","29.6525","29.6525","29.6525","0.18%"
"Apr 14, 2017","29.6000","29.7200","30.0100","29.4000","-0.59%"
"Apr 13, 2017","29.7750","29.4750","29.7750","29.1650","0.56%"
"Apr 12, 2017","29.6100","29.4600","29.9200","29.3200","0.19%"
"Apr 11, 2017","29.5550","29.3950","29.5850","29.3950","-0.14%"
"Apr 10, 2017","29.5950","29.4650","30.0650","29.4650","-0.32%"
"Apr 09, 2017","29.6900","29.6900","29.6900","29.6900","0.76%"
"Apr 07, 2017","29.4650","29.7450","30.0550","29.4650","-1.07%"
"Apr 06, 2017","29.7850","29.2850","29.7850","29.2150","1.05%"
"Apr 05, 2017","29.4750","29.4750","29.7650","29.4150","-0.96%"
"Apr 04, 2017","29.7600","29.4700","29.7600","29.1800","0.05%"
"Apr 03, 2017","29.7450","29.1850","29.7450","29.1650","0.31%"
"Apr 02, 2017","29.6525","29.6525","29.6525","29.6525","0.60%"
"Mar 31, 2017","29.4750","29.7050","30.0250","29.4750","0.00%"
"Mar 30, 2017","29.4750","29.7050","30.0250","29.4750","-0.24%"
"Mar 29, 2017","29.5450","29.4550","30.0150","29.4550","0.31%"
"Mar 28, 2017","29.4550","29.5450","30.0150","29.4550","-1.07%"
"Mar 27, 2017","29.7750","29.2050","29.7750","29.1250","0.59%"
"Mar 26, 2017","29.5990","29.5990","29.5990","29.5990","0.56%"
"Mar 24, 2017","29.4350","29.4550","29.7050","29.4350","-0.98%"
"Mar 23, 2017","29.7250","29.1850","29.7250","29.1450","0.92%"
"Mar 22, 2017","29.4550","29.4550","29.9850","29.4450","0.00%"
"Mar 21, 2017","29.4550","29.6850","29.6850","29.4550","-0.77%"
"Mar 20, 2017","29.6850","29.4750","29.7050","29.3950","0.39%"
"Mar 19, 2017","29.5705","29.5705","29.5705","29.5705","0.32%"
"Mar 17, 2017","29.4750","29.5250","29.8150","29.4750","-0.17%"
"Mar 16, 2017","29.5250","29.7150","29.9650","29.5250","-0.81%"
"Mar 15, 2017","29.7650","29.4450","29.7650","29.2850","0.40%"
"Mar 14, 2017","29.6450","29.6750","29.8250","29.4750","0.27%"
"Mar 13, 2017","29.5650","29.4450","29.9550","29.4450","0.65%"
"Mar 12, 2017","29.3735","29.3735","29.3735","29.3735","-0.24%"
"Mar 10, 2017","29.4450","29.5650","29.9450","29.4450","-1.04%"
"Mar 09, 2017","29.7550","29.5250","29.7550","29.2850","0.81%"
"Mar 08, 2017","29.5150","29.6250","29.9350","29.4650","-0.79%"
"Mar 07, 2017","29.7500","29.5000","29.7500","29.2500","-0.18%"
"Mar 06, 2017","29.8050","29.4050","29.8050","29.3250","1.64%"
"Mar 05, 2017","29.3255","29.3255","29.3255","29.3255","-0.68%"
"Mar 03, 2017","29.5250","29.4050","29.8750","29.4050","-0.86%"
"Mar 02, 2017","29.7800","29.5500","29.7800","29.3100","1.14%"
"Mar 01, 2017","29.4450","29.5450","29.8750","29.4450","-0.34%"
"Feb 28, 2017","29.5450","29.4450","29.8750","29.4250","0.34%"
"Feb 27, 2017","29.4450","29.4550","29.7050","29.4450","-0.83%"
"Feb 26, 2017","29.6925","29.6925","29.6925","29.6925","0.81%"
"Feb 24, 2017","29.4550","29.6050","29.8750","29.4550","-0.17%"
"Feb 23, 2017","29.5050","29.4750","29.8750","29.4550","-0.92%"
"Feb 22, 2017","29.7800","29.2800","29.7800","29.2800","1.38%"
"Feb 21, 2017","29.3750","29.4050","29.8550","29.3750","-0.10%"
"Feb 20, 2017","29.4050","29.4150","29.5650","29.4050","-0.71%"
"Feb 19, 2017","29.6140","29.6140","29.6140","29.6140","-0.16%"
"Feb 17, 2017","29.6600","29.4800","29.7300","29.2600","0.90%"
"Feb 16, 2017","29.3950","29.5150","29.7850","29.3950","-0.78%"
"Feb 15, 2017","29.6250","29.3750","29.6250","29.1050","0.02%"
"Feb 14, 2017","29.6200","29.1700","29.6200","29.1100","0.12%"
"Feb 13, 2017","29.5850","29.2150","29.6450","29.1650","0.27%"
"Feb 12, 2017","29.5055","29.5055","29.5055","29.5055","0.34%"
"Feb 10, 2017","29.4050","29.5250","29.8350","29.3250","0.03%"
"Feb 09, 2017","29.3950","29.5550","29.8250","29.3050","-0.69%"
"Feb 08, 2017","29.6000","29.1500","29.6000","29.1000","0.77%"
"Feb 07, 2017","29.3750","29.3750","29.8150","29.2450","-0.36%"
"Feb 06, 2017","29.4800","29.3400","29.7700","29.2800","0.52%"
"Feb 05, 2017","29.3275","29.3275","29.3275","29.3275","-0.20%"
"Feb 03, 2017","29.3850","29.4550","29.4550","29.3050","0.03%"
"Feb 02, 2017","29.3750","29.3350","29.4550","29.2750","-0.07%"
"Feb 01, 2017","29.3950","29.3150","29.4450","29.2850","0.00%"
"Jan 31, 2017","29.3950","29.7850","29.7950","29.1850","0.05%"
"Jan 30, 2017","29.3800","29.4100","29.4400","29.1400","-0.35%"
"Jan 29, 2017","29.4835","29.4835","29.4835","29.4835","0.30%"
"Jan 27, 2017","29.3950","29.3950","29.4650","29.3250","0.10%"
"Jan 26, 2017","29.3650","29.4250","29.4950","29.3550","0.00%"
"Jan 25, 2017","29.3650","29.4650","29.4850","29.3050","-0.05%"
"Jan 24, 2017","29.3800","29.3900","29.4700","29.3100","-0.41%"
"Jan 23, 2017","29.5000","29.5000","29.5700","29.3200","0.57%"
"Jan 22, 2017","29.3340","29.3340","29.3340","29.3340","-0.21%"
"Jan 20, 2017","29.3950","29.3950","29.4750","29.3250","0.03%"
"Jan 19, 2017","29.3850","29.2450","29.4750","29.2450","-0.36%"
"Jan 18, 2017","29.4900","29.4500","29.5100","29.0400","0.43%"
"Jan 17, 2017","29.3650","29.3650","29.7050","28.9450","-0.37%"
"Jan 16, 2017","29.4750","29.3750","29.4850","28.9650","1.29%"
"Jan 15, 2017","29.1000","29.1000","29.1000","29.1000","-0.94%"
"Jan 13, 2017","29.3750","28.9650","29.7150","28.9450","-0.36%"
"Jan 12, 2017","29.4800","29.4900","29.5300","28.9700","0.36%"
"Jan 11, 2017","29.3750","29.3750","29.7150","28.9350","0.14%"
"Jan 10, 2017","29.3350","29.7050","29.7050","29.0850","-0.42%"
"Jan 09, 2017","29.4600","29.8000","29.8000","29.1400","1.10%"
"Jan 08, 2017","29.1400","29.1400","29.1400","29.1400","-0.63%"
"Jan 06, 2017","29.3250","29.3250","29.6850","29.0650","-0.03%"
"Jan 05, 2017","29.3350","29.3450","29.6850","29.0850","-0.03%"
"Jan 04, 2017","29.3450","29.6850","29.6850","29.3050","-0.39%"
"Jan 03, 2017","29.4600","29.6200","29.6200","29.4000","0.36%"
"Jan 02, 2017","29.3550","29.3550","29.5050","29.3550","-0.69%"
"Jan 01, 2017","29.5600","29.5600","29.5600","29.5600","0.56%"
"Dec 30, 2016","29.3950","29.3950","29.5650","29.1150","0.24%"
"Dec 29, 2016","29.3250","29.3250","29.5650","29.0250","-0.46%"
"Dec 28, 2016","29.4600","29.4000","29.6200","29.4000","0.22%"
"Dec 27, 2016","29.3950","29.5050","29.5650","29.3250","0.17%"
"Dec 26, 2016","29.3450","29.3250","29.4050","29.3250","0.88%"
"Dec 25, 2016","29.0900","29.0900","29.0900","29.0900","-0.99%"
"Dec 23, 2016","29.3800","29.1600","29.3800","28.7600","0.12%"
"Dec 22, 2016","29.3450","29.3450","29.5650","28.9750","0.03%"
"Dec 21, 2016","29.3350","29.3350","29.5650","28.9450","0.98%"
"Dec 20, 2016","29.0500","29.3800","29.6200","29.0100","-0.87%"
"Dec 19, 2016","29.3050","29.3050","29.5650","29.0450","-0.50%"
"Dec 18, 2016","29.4515","29.4515","29.4515","29.4515","-0.03%"
"Dec 16, 2016","29.4600","29.4600","29.6700","29.0500","1.18%"
"Dec 15, 2016","29.1150","29.1150","29.6250","28.9450","0.00%"
"Dec 14, 2016","29.1150","29.1150","29.5650","28.9650","0.26%"
"Dec 13, 2016","29.0400","29.6000","29.6000","28.9600","-0.19%"
"Dec 12, 2016","29.0950","29.1050","29.5650","29.0250","-0.59%"
"Dec 11, 2016","29.2685","29.2685","29.2685","29.2685","0.13%"
"Dec 09, 2016","29.2300","29.2000","29.6600","29.1800","0.33%"
"Dec 08, 2016","29.1350","29.5650","29.5650","29.0950","-0.33%"
"Dec 07, 2016","29.2300","29.2100","29.6500","29.1300","0.19%"
"Dec 06, 2016","29.1750","29.1750","29.5650","29.0250","0.17%"
"Dec 05, 2016","29.1250","29.5650","29.5650","29.0450","-0.20%"
"Dec 04, 2016","29.1830","29.1830","29.1830","29.1830","0.20%"
"Dec 02, 2016","29.1250","29.1150","29.2350","29.0450","-0.36%"
"Dec 01, 2016","29.2300","29.2000","29.3000","29.1000","0.00%"
"Nov 30, 2016","29.2300","29.1400","29.2700","29.0600","0.33%"
"Nov 29, 2016","29.1350","29.0550","29.2150","29.0150","0.14%"
"Nov 28, 2016","29.0950","29.0550","29.1850","28.9550","-0.28%"
"Nov 27, 2016","29.1780","29.1780","29.1780","29.1780","-0.08%"
"Nov 25, 2016","29.2000","29.2000","29.2800","29.1200","0.00%"
"Nov 24, 2016","29.2000","29.2300","29.4600","29.1800","0.09%"
"Nov 23, 2016","29.1750","29.0250","29.5250","29.0250","0.38%"
"Nov 22, 2016","29.0650","29.0350","29.1850","28.9750","-0.21%"
"Nov 21, 2016","29.1250","29.1250","29.2350","29.0250","-0.62%"
"Nov 20, 2016","29.3075","29.3075","29.3075","29.3075","0.37%"
"Nov 18, 2016","29.2000","29.1900","29.4600","28.9800","0.92%"
"Nov 17, 2016","28.9350","29.0150","29.1750","28.9350","-0.40%"
"Nov 16, 2016","29.0500","28.9700","29.2000","28.9700","-0.27%"
"Nov 15, 2016","29.1300","28.9900","29.2500","28.9700","0.47%"
"Nov 14, 2016","28.9950","28.9450","29.2650","28.9250","-0.62%"
"Nov 13, 2016","29.1765","29.1765","29.1765","29.1765","0.52%"
"Nov 11, 2016","29.0250","29.0250","29.0950","28.9150","-0.07%"
"Nov 10, 2016","29.0450","28.8950","29.1150","28.8750","-0.29%"
"Nov 09, 2016","29.1300","29.0200","29.2100","28.9500","0.00%"
"Nov 08, 2016","29.1300","29.1600","29.2300","28.8900","-0.03%"
"Nov 07, 2016","29.1400","29.1400","29.5400","29.0000","0.38%"
"Nov 06, 2016","29.0310","29.0310","29.0310","29.0310","0.61%"
"Nov 04, 2016","28.8550","29.4450","29.4450","28.8550","-0.76%"
"Nov 03, 2016","29.0750","29.4450","29.4450","28.9250","0.00%"
"Nov 02, 2016","29.0750","29.0750","29.4350","28.8350","0.07%"
"Nov 01, 2016","29.0550","29.4350","29.4350","28.9250","0.35%"
"Oct 31, 2016","28.9550","28.9350","29.1150","28.8750","0.16%"
"Oct 30, 2016","28.9100","28.9100","28.9100","28.9100","-0.33%"
"Oct 28, 2016","29.0050","29.0050","29.4250","28.9950","0.03%"
"Oct 27, 2016","28.9950","28.9950","29.1250","28.9950","0.00%"
"Oct 26, 2016","28.9950","29.4150","29.4150","28.9750","-0.03%"
"Oct 25, 2016","29.0050","29.0050","29.4050","29.0050","0.03%"
"Oct 24, 2016","28.9950","29.0050","29.4050","28.9950","-0.41%"
"Oct 23, 2016","29.1155","29.1155","29.1155","29.1155","0.42%"
"Oct 21, 2016","28.9950","28.9950","29.3250","28.8250","-0.03%"
"Oct 20, 2016","29.0050","29.0050","29.3850","28.8250","-0.33%"
"Oct 19, 2016","29.1000","28.8800","29.4300","28.8700","0.00%"
"Oct 18, 2016","29.1000","29.0700","29.1600","28.8900","0.33%"
"Oct 17, 2016","29.0050","29.0050","29.1650","28.8750","-0.69%"
"Oct 16, 2016","29.2075","29.2075","29.2075","29.2075","0.37%"
"Oct 14, 2016","29.1000","29.0300","29.4000","28.9100","0.43%"
"Oct 13, 2016","28.9750","28.9450","29.0850","28.9250","-0.07%"
"Oct 12, 2016","28.9950","29.3250","29.3550","28.8850","-0.03%"
"Oct 11, 2016","29.0050","28.9950","29.3550","28.9750","0.00%"
"Oct 10, 2016","29.0050","29.0050","29.1150","28.8950","0.28%"
"Oct 09, 2016","28.9245","28.9245","28.9245","28.9245","-0.28%"
"Oct 07, 2016","29.0050","28.9950","29.3450","28.8650","-0.95%"
"Oct 06, 2016","29.2845","29.1955","29.2845","28.9350","0.30%"
"Oct 05, 2016","29.1955","29.0680","29.1955","28.9150","0.44%"
"Oct 04, 2016","29.0680","29.2240","29.2350","28.9050","-0.53%"
"Oct 03, 2016","29.2240","28.9020","29.2240","28.9000","1.11%"
"Oct 02, 2016","28.9020","28.9020","28.9020","28.9020","-0.17%"
"Sep 30, 2016","28.9500","29.0985","29.1000","28.9250","-0.51%"
"Sep 29, 2016","29.0985","29.0980","29.1045","28.9000","0.00%"
"Sep 28, 2016","29.0980","29.1835","29.1900","28.9000","-0.29%"
"Sep 27, 2016","29.1835","29.0790","29.1835","28.8750","0.36%"
"Sep 26, 2016","29.0790","29.0940","29.1005","28.9000","-0.05%"
"Sep 25, 2016","29.0940","29.0940","29.0940","29.0940","0.50%"
"Sep 23, 2016","28.9500","29.1690","29.1690","28.8800","-0.75%"
"Sep 22, 2016","29.1690","28.9855","29.1690","28.8800","0.63%"
"Sep 21, 2016","28.9855","29.1725","29.1725","28.9600","-0.64%"
"Sep 20, 2016","29.1725","28.9100","29.1725","28.9100","0.91%"
"Sep 19, 2016","28.9100","29.2365","29.2365","28.9000","-1.12%"
"Sep 18, 2016","29.2365","29.2365","29.2365","29.2365","1.13%"
"Sep 16, 2016","28.9100","28.9000","29.0790","28.9000","0.03%"
"Sep 15, 2016","28.9000","29.0020","29.0520","28.9000","-0.35%"
"Sep 14, 2016","29.0020","29.0985","29.0985","28.9200","-0.33%"
"Sep 13, 2016","29.0985","29.0220","29.0985","28.9400","0.26%"
"Sep 12, 2016","29.0220","29.1240","29.1240","28.9300","-0.35%"
"Sep 11, 2016","29.1240","29.1360","29.1360","29.1240","0.67%"
"Sep 09, 2016","28.9300","29.1300","29.1300","28.9300","-0.69%"
"Sep 08, 2016","29.1300","29.0840","29.1300","28.9100","0.16%"
"Sep 07, 2016","29.0840","28.8450","29.0840","28.8450","0.83%"
"Sep 06, 2016","28.8450","29.1005","29.1005","28.8450","-0.88%"
"Sep 05, 2016","29.1005","29.1340","29.1340","28.8500","-0.11%"
"Sep 04, 2016","29.1340","29.1340","29.1340","29.1340","0.29%"
"Sep 02, 2016","29.0495","28.9275","29.0495","28.9275","0.42%"
"Sep 01, 2016","28.9275","29.0125","29.0555","28.9275","-0.29%"
"Aug 31, 2016","29.0125","29.1005","29.1005","29.0125","-0.30%"
"Aug 30, 2016","29.1005","29.0260","29.1145","29.0260","0.26%"
"Aug 29, 2016","29.0260","29.3015","29.3015","29.0260","-0.94%"
"Aug 28, 2016","29.3015","29.3015","29.3015","29.3015","1.56%"
"Aug 26, 2016","28.8500","29.0680","29.0680","28.3550","-0.75%"
"Aug 25, 2016","29.0680","29.0910","29.0990","28.3500","-0.08%"
"Aug 24, 2016","29.0910","29.1240","29.1315","28.8700","-0.11%"
"Aug 23, 2016","29.1240","28.9775","29.1240","28.8750","0.51%"
"Aug 22, 2016","28.9775","28.8700","29.1105","28.8600","0.37%"
"Aug 21, 2016","28.8700","28.8700","28.8700","28.8700","0.07%"
"Aug 19, 2016","28.8500","28.9885","29.0390","28.8500","-0.48%"
"Aug 18, 2016","28.9885","28.8000","29.0515","28.8000","0.65%"
"Aug 17, 2016","28.8000","29.0215","29.0415","28.7750","-0.76%"
"Aug 16, 2016","29.0215","28.9800","29.0215","28.8400","0.14%"
"Aug 15, 2016","28.9800","28.9935","29.0195","28.8500","-0.05%"
"Aug 14, 2016","28.9935","28.9935","28.9935","28.9935","0.50%"
"Aug 12, 2016","28.8500","29.0430","29.0430","28.8200","-0.66%"
"Aug 11, 2016","29.0430","28.9975","29.0430","28.9000","0.16%"
"Aug 10, 2016","28.9975","28.8220","29.0055","28.7930","0.61%"
"Aug 09, 2016","28.8220","28.8920","28.9050","28.7100","-0.24%"
"Aug 08, 2016","28.8920","29.0520","29.0560","28.6800","-0.55%"
"Aug 07, 2016","29.0520","29.0520","29.0520","29.0520","1.30%"
"Aug 05, 2016","28.6800","28.6000","28.8940","28.6000","0.28%"
"Aug 04, 2016","28.6000","29.0260","29.0295","28.6000","-1.47%"
"Aug 03, 2016","29.0260","28.8310","29.0260","28.5500","0.70%"
"Aug 02, 2016","28.8255","28.9045","29.1500","28.6300","-0.27%"
"Aug 01, 2016","28.9045","28.7375","28.9080","28.6650","0.58%"
"Jul 31, 2016","28.7375","28.7375","28.7375","28.7375","0.08%"
"Jul 29, 2016","28.7150","28.9175","28.9175","28.6500","-0.70%"
"Jul 28, 2016","28.9175","28.6225","28.9175","28.5820","1.03%"
"Jul 27, 2016","28.6225","28.9265","28.9265","28.6225","-1.05%"
"Jul 26, 2016","28.9265","28.5865","28.9265","28.5500","1.19%"
"Jul 25, 2016","28.5865","28.7055","28.7170","28.5865","-0.41%"
"Jul 24, 2016","28.7055","28.7055","28.7055","28.7055","0.37%"
"Jul 22, 2016","28.6000","28.6075","28.6500","28.5920","-0.03%"
"Jul 21, 2016","28.6075","28.6260","28.6260","28.6000","-0.06%"
"Jul 20, 2016","28.6260","28.6350","28.6530","28.5500","-0.03%"
"Jul 19, 2016","28.6350","28.4605","28.6350","28.4605","0.61%"
"Jul 18, 2016","28.4605","28.7175","28.7175","28.4605","-0.89%"
"Jul 17, 2016","28.7175","28.7175","28.7175","28.7175","0.59%"
"Jul 15, 2016","28.5500","28.4955","28.6000","28.4570","0.19%"
"Jul 14, 2016","28.4955","28.5055","28.6500","28.4955","-0.04%"
"Jul 13, 2016","28.5055","28.6100","28.6500","28.5055","-0.37%"
"Jul 12, 2016","28.6100","28.4940","28.6500","28.4940","0.41%"
"Jul 11, 2016","28.4940","28.5665","28.6500","28.4940","-0.25%"
"Jul 10, 2016","28.5665","28.5665","28.5665","28.5665","-0.12%"
"Jul 08, 2016","28.6000","28.5730","28.6000","28.5180","0.09%"
"Jul 07, 2016","28.5730","28.4495","28.6500","28.4495","0.43%"
"Jul 06, 2016","28.4495","28.7450","28.7565","28.4495","-1.03%"
"Jul 05, 2016","28.7450","28.4575","28.7450","28.4575","1.01%"
"Jul 04, 2016","28.4575","28.4890","28.5235","28.4575","-0.11%"
"Jul 03, 2016","28.4890","28.4890","28.4890","28.4890","-0.39%"
"Jul 01, 2016","28.6000","28.6385","28.7075","28.4810","-0.13%"
"Jun 30, 2016","28.6385","28.4425","28.7000","28.4425","0.69%"
"Jun 29, 2016","28.4425","28.5910","28.6000","1.0000","-0.52%"
"Jun 28, 2016","28.5910","28.5150","28.7000","28.5150","0.27%"
"Jun 27, 2016","28.5150","28.3575","28.5790","28.3575","0.56%"
"Jun 26, 2016","28.3575","28.3575","28.3575","28.3575","-0.41%"
"Jun 24, 2016","28.4750","28.5775","28.7105","28.4750","-0.36%"
"Jun 23, 2016","28.5775","28.3915","28.5800","28.3915","0.66%"
"Jun 22, 2016","28.3915","28.7165","28.7275","28.3915","-1.13%"
"Jun 21, 2016","28.7165","28.5625","28.7165","28.4900","0.54%"
"Jun 20, 2016","28.5625","28.3220","28.6000","28.3220","0.85%"
"Jun 19, 2016","28.3220","28.4955","28.4955","28.3220","-0.97%"
"Jun 17, 2016","28.6000","28.5200","28.6000","28.4210","0.28%"
"Jun 16, 2016","28.5200","28.4300","28.6000","28.4260","0.32%"
"Jun 15, 2016","28.4300","28.5750","28.6000","28.4300","-0.51%"
"Jun 14, 2016","28.5750","28.6500","28.6500","28.5140","-0.26%"
"Jun 13, 2016","28.6500","28.6500","28.6600","28.5125","0.00%"
"Jun 12, 2016","28.6500","28.6500","28.6500","28.6500","0.00%"
"Jun 10, 2016","28.6500","28.6500","28.6600","28.5120","0.00%"
"Jun 09, 2016","28.6500","28.6250","28.6500","28.4510","0.09%"
"Jun 08, 2016","28.6250","28.6000","28.6500","28.5185","0.09%"
"Jun 07, 2016","28.6000","28.5000","28.6000","28.4580","0.35%"
"Jun 06, 2016","28.5000","28.6000","28.6000","28.0045","-0.35%"
"Jun 05, 2016","28.6000","28.6000","28.6000","28.6000","0.00%"
"Jun 03, 2016","28.6000","28.6535","28.6535","28.5245","-0.19%"
"Jun 02, 2016","28.6535","28.6100","28.6535","28.4480","0.15%"
"Jun 01, 2016","28.6100","28.6000","28.6100","28.5365","0.03%"
"May 31, 2016","28.6000","28.5290","28.6000","28.5065","0.25%"
"May 30, 2016","28.5290","28.5500","28.7090","28.5290","-0.07%"
"May 29, 2016","28.5500","28.5500","28.5500","28.5500","0.00%"
"May 27, 2016","28.5500","28.5300","28.5500","27.0400","0.07%"
"May 26, 2016","28.5300","28.5500","28.5500","28.4950","-0.07%"
"May 25, 2016","28.5500","28.6000","28.6450","28.5330","-0.17%"
"May 24, 2016","28.6000","28.6000","28.6200","28.5040","0.00%"
"May 23, 2016","28.6000","28.6200","28.6200","28.5125","-0.07%"
"May 22, 2016","28.6200","28.6200","28.6200","28.6200","0.00%"
"May 20, 2016","28.6200","28.5200","28.6200","28.5200","0.35%"
"May 19, 2016","28.5200","28.6000","28.6585","28.5200","-0.28%"
"May 18, 2016","28.6000","28.4700","28.6050","28.4500","0.46%"
"May 17, 2016","28.4700","28.4725","28.5275","28.4700","-0.01%"
"May 16, 2016","28.4725","28.4800","28.6050","28.4535","-0.03%"
"May 15, 2016","28.4800","28.4800","28.4800","28.4800","0.09%"
"May 13, 2016","28.4550","28.3750","28.5705","28.3750","0.28%"
"May 12, 2016","28.3750","28.3000","28.5075","28.3000","0.27%"
"May 11, 2016","28.3000","28.3500","28.7570","28.3000","-0.18%"
"May 10, 2016","28.3500","28.1500","28.7910","28.1000","0.71%"
"May 09, 2016","28.1500","28.4800","28.8610","28.1500","-1.16%"
"May 08, 2016","28.4800","28.4800","28.4800","28.4800","0.00%"
"May 06, 2016","28.4800","28.4800","28.8315","28.4800","0.00%"
"May 05, 2016","28.4800","28.2600","28.7600","28.2600","0.78%"
"May 04, 2016","28.2600","28.9410","28.9410","28.2500","-2.35%"
"May 03, 2016","28.9410","28.7645","28.9440","28.6470","0.61%"
"May 02, 2016","28.7645","28.5840","28.7645","28.5445","0.63%"
"May 01, 2016","28.5840","28.5840","28.5840","28.5840","0.91%"
"Apr 29, 2016","28.3250","28.2500","28.7100","28.2500","0.27%"
"Apr 28, 2016","28.2500","28.6025","28.7395","28.2500","-1.23%"
"Apr 27, 2016","28.6025","28.1500","28.6275","28.1500","1.61%"
"Apr 26, 2016","28.1500","28.2500","28.3640","27.8000","-0.35%"
"Apr 25, 2016","28.2500","27.9500","28.3000","27.8160","1.07%"
"Apr 24, 2016","27.9500","27.9500","27.9500","27.9500","0.00%"
"Apr 22, 2016","27.9500","27.9040","27.9500","27.8260","0.16%"
"Apr 21, 2016","27.9040","27.9700","28.0365","27.8590","-0.24%"
"Apr 20, 2016","27.9700","28.0000","28.0000","27.8340","-0.11%"
"Apr 19, 2016","28.0000","28.1000","28.1050","27.8950","-0.36%"
"Apr 18, 2016","28.1000","28.0600","28.1000","27.8715","0.14%"
"Apr 17, 2016","28.0600","28.0600","28.0600","28.0600","0.00%"
"Apr 15, 2016","28.0600","28.0000","28.0600","27.9020","0.21%"
"Apr 14, 2016","28.0000","28.0000","28.0440","27.9365","0.00%"
"Apr 13, 2016","28.0000","28.0615","28.0615","27.9585","-0.27%"
"Apr 12, 2016","28.0750","28.0000","28.1000","27.9735","0.27%"
"Apr 11, 2016","28.0000","28.1500","28.1500","27.9480","-0.53%"
"Apr 10, 2016","28.1500","28.1500","28.1500","28.1500","0.00%"
"Apr 08, 2016","28.1500","28.0780","28.1500","28.0510","0.26%"
"Apr 07, 2016","28.0780","27.9800","28.1435","27.9800","0.35%"
"Apr 06, 2016","27.9800","28.1000","28.1100","27.9800","-0.43%"
"Apr 05, 2016","28.1000","28.1150","28.1270","28.0650","-0.05%"
"Apr 04, 2016","28.1150","28.2000","28.2000","28.1150","-0.30%"
"Apr 03, 2016","28.2000","28.2000","28.2000","28.2000","0.00%"
"Apr 01, 2016","28.2000","28.2000","28.2000","28.1595","0.00%"
"Mar 31, 2016","28.2000","28.1965","28.2000","28.1500","0.01%"
"Mar 30, 2016","28.1965","28.2500","28.2550","28.0340","-0.19%"
"Mar 29, 2016","28.2500","28.2500","28.2550","28.1865","0.00%"
"Mar 28, 2016","28.2500","28.3550","28.3550","28.2500","-0.37%"
"Mar 27, 2016","28.3550","28.3550","28.3550","28.3550","0.00%"
"Mar 25, 2016","28.3550","28.3000","28.3550","28.2660","0.19%"
"Mar 24, 2016","28.3000","28.3750","28.3750","28.2765","-0.26%"
"Mar 23, 2016","28.3750","28.2250","28.4085","28.2250","0.53%"
"Mar 22, 2016","28.2250","28.2000","28.4210","28.2000","0.09%"
"Mar 21, 2016","28.2000","28.3595","28.3710","28.2000","-0.56%"
"Mar 20, 2016","28.3595","28.3595","28.3595","28.3595","0.03%"
"Mar 18, 2016","28.3500","28.3820","28.3820","28.3180","-0.11%"
"Mar 17, 2016","28.3820","28.0490","28.3960","28.0400","1.19%"
"Mar 16, 2016","28.0490","27.9000","28.3500","27.3500","0.53%"
"Mar 15, 2016","27.9000","28.4360","28.4360","27.9000","-1.88%"
"Mar 14, 2016","28.4360","28.3285","28.4360","28.3120","0.38%"
"Mar 13, 2016","28.3285","28.3285","28.3285","28.3285","-0.30%"
"Mar 11, 2016","28.4150","28.4355","28.4355","27.9010","-0.07%"
"Mar 10, 2016","28.4355","28.4625","28.4625","28.4340","-0.09%"
"Mar 09, 2016","28.4625","28.5010","28.5310","28.4625","-0.14%"
"Mar 08, 2016","28.5010","28.3095","28.5010","28.1525","0.68%"
"Mar 07, 2016","28.3095","28.2660","28.3095","28.2660","0.15%"
"Mar 06, 2016","28.2660","28.2660","28.2660","28.2660","0.02%"
"Mar 04, 2016","28.2600","28.1375","28.3300","28.1375","0.44%"
"Mar 03, 2016","28.1375","28.2000","28.3850","28.1375","-0.22%"
"Mar 02, 2016","28.2000","28.1260","28.4275","28.1110","0.26%"
"Mar 01, 2016","28.1260","28.1365","28.2500","28.0150","-0.04%"
"Feb 29, 2016","28.1365","28.3645","28.3795","28.0000","-0.80%"
"Feb 28, 2016","28.3645","28.3645","28.3645","28.3645","1.48%"
"Feb 26, 2016","27.9500","28.1450","28.1450","27.9500","-0.69%"
"Feb 25, 2016","28.1450","28.0010","28.1450","28.0010","0.51%"
"Feb 24, 2016","28.0010","28.1050","28.1350","28.0010","-0.37%"
"Feb 23, 2016","28.1050","28.1945","28.1945","28.1050","-0.32%"
"Feb 22, 2016","28.1945","28.1140","28.2155","28.0250","0.29%"
"Feb 21, 2016","28.1140","28.1140","28.1140","28.1140","0.23%"
"Feb 19, 2016","28.0500","28.2200","28.2200","28.0500","-0.60%"
"Feb 18, 2016","28.2200","28.3070","28.3070","28.0000","-0.31%"
"Feb 17, 2016","28.3070","28.2750","28.3410","28.2485","0.11%"
"Feb 16, 2016","28.2750","28.0645","28.2750","28.0645","0.75%"
"Feb 15, 2016","28.0645","28.1490","28.2030","28.0645","-0.30%"
"Feb 14, 2016","28.1490","28.1490","28.1490","28.1490","0.34%"
"Feb 12, 2016","28.0550","28.0500","28.1760","28.0500","0.02%"
"Feb 11, 2016","28.0500","28.0750","28.1610","27.9765","-0.09%"
"Feb 10, 2016","28.0750","27.9380","28.1420","27.9255","0.49%"
"Feb 09, 2016","27.9380","28.1050","28.1050","27.9250","-0.58%"
"Feb 08, 2016","28.1000","28.0500","28.2980","28.0500","0.18%"
"Feb 07, 2016","28.0500","28.0500","28.0500","28.0500","0.00%"
"Feb 05, 2016","28.0500","27.7100","28.1785","27.7100","1.23%"
"Feb 04, 2016","27.7100","26.8855","28.2115","26.8095","3.07%"
"Feb 03, 2016","26.8855","27.3465","27.3465","26.8855","-1.69%"
"Feb 02, 2016","27.3465","27.3150","27.3500","27.2750","0.12%"
"Feb 01, 2016","27.3150","27.5855","27.5855","27.3150","-0.98%"
"Jan 31, 2016","27.5855","27.5855","27.5855","27.5855","0.86%"
"Jan 29, 2016","27.3500","27.3350","27.3750","27.3350","0.05%"
"Jan 28, 2016","27.3350","27.3640","27.4060","27.3350","-0.11%"
"Jan 27, 2016","27.3640","27.3410","27.5600","27.3410","0.08%"
"Jan 26, 2016","27.3410","27.3745","27.4400","27.3410","-0.12%"
"Jan 25, 2016","27.3745","27.5800","27.7800","27.3745","-0.75%"
"Jan 24, 2016","27.5800","27.5800","27.5800","27.5800","-2.04%"
"Jan 22, 2016","28.1550","27.5905","28.1550","27.5060","2.05%"
"Jan 21, 2016","27.5905","27.5705","28.1550","27.5155","0.07%"
"Jan 20, 2016","27.5705","27.4315","28.2000","27.3895","0.51%"
"Jan 19, 2016","27.4315","27.5610","27.6000","27.4315","-0.47%"
"Jan 18, 2016","27.5610","27.9000","27.9000","27.5400","-1.22%"
"Jan 17, 2016","27.9000","27.9000","27.9000","27.9000","1.23%"
"Jan 15, 2016","27.5600","27.6125","27.7560","27.5600","-0.19%"
"Jan 14, 2016","27.6125","27.4220","27.6125","27.4220","0.53%"
"Jan 13, 2016","27.4665","27.6305","27.6790","27.4665","-0.59%"
"Jan 12, 2016","27.6305","27.7515","27.7870","27.6305","-0.44%"
"Jan 11, 2016","27.7515","27.5625","27.7515","27.5410","0.69%"
"Jan 10, 2016","27.5625","27.5625","27.5625","27.5625","-0.51%"
"Jan 08, 2016","27.7030","27.5600","27.7030","27.5600","0.52%"
"Jan 07, 2016","27.5600","27.6370","27.7275","27.5600","-0.28%"
"Jan 06, 2016","27.6370","27.7700","27.7750","27.6370","-0.48%"
"Jan 05, 2016","27.7700","27.9825","27.9825","27.7265","-0.76%"
"Jan 04, 2016","27.9825","27.8335","27.9825","27.7510","0.54%"
"Jan 03, 2016","27.8335","27.8335","27.8335","27.8335","0.02%"
"Jan 01, 2016","27.8285","27.8405","27.8405","27.8285","-0.04%"
"Dec 31, 2015","27.8405","27.7700","27.8405","27.7435","0.25%"
"Dec 30, 2015","27.7700","27.9165","27.9165","27.7655","-0.52%"
"Dec 29, 2015","27.9165","27.8540","27.9165","27.7960","0.22%"
"Dec 28, 2015","27.8540","27.7485","27.8540","27.7485","0.38%"
"Dec 27, 2015","27.7485","27.7485","27.7485","27.7485","-0.12%"
"Dec 25, 2015","27.7820","27.7820","27.7820","27.7820","0.00%"
"Dec 24, 2015","27.7820","27.9050","27.9050","27.7820","-0.44%"
"Dec 23, 2015","27.9050","27.8440","27.9050","27.8440","0.22%"
"Dec 22, 2015","27.8440","27.7700","27.8840","27.7700","0.27%"
"Dec 21, 2015","27.7700","27.8400","27.8900","27.7700","-0.25%"
"Dec 20, 2015","27.8400","27.8400","27.8400","27.8400","0.00%"
"Dec 18, 2015","27.8400","27.8675","27.9085","27.8400","-0.10%"
"Dec 17, 2015","27.8675","27.9145","28.0150","27.8300","-0.17%"
"Dec 16, 2015","27.9145","28.1035","28.1035","27.9000","-0.67%"
"Dec 15, 2015","28.1035","27.8525","28.1035","27.8525","0.90%"
"Dec 14, 2015","27.8525","27.8880","27.9190","27.8525","-0.13%"
"Dec 13, 2015","27.8880","27.8880","27.8880","27.8880","-0.30%"
"Dec 11, 2015","27.9725","27.8465","27.9725","27.8465","0.45%"
"Dec 10, 2015","27.8465","27.7255","27.8465","27.7255","0.44%"
"Dec 09, 2015","27.7255","27.9085","27.9755","27.7255","-0.66%"
"Dec 08, 2015","27.9085","27.9765","28.0025","27.9085","-0.24%"
"Dec 07, 2015","27.9765","28.0695","28.0990","27.9765","-0.33%"
"Dec 06, 2015","28.0695","28.0695","28.0695","28.0695","0.16%"
"Dec 04, 2015","28.0260","27.1220","28.0260","27.1185","3.33%"
"Dec 03, 2015","27.1220","28.0885","28.1030","27.1220","-3.44%"
"Dec 02, 2015","28.0885","28.0485","28.0910","28.0485","0.14%"
"Dec 01, 2015","28.0485","28.1420","28.1620","28.0485","-0.33%"
"Nov 30, 2015","28.1420","26.7820","28.1420","26.7820","5.08%"
"Nov 29, 2015","26.7820","26.7820","26.7820","26.7820","-0.11%"
"Nov 27, 2015","26.8115","26.8335","26.8425","26.8115","-0.08%"
"Nov 26, 2015","26.8335","26.7370","26.8335","26.7370","0.36%"
"Nov 25, 2015","26.7370","26.8195","26.8195","26.7370","-0.31%"
"Nov 24, 2015","26.8195","26.8165","26.8200","26.8165","0.01%"
"Nov 23, 2015","26.8165","26.9785","27.0080","26.8165","-0.60%"
"Nov 22, 2015","26.9785","26.9785","26.9785","26.9785","0.28%"
"Nov 20, 2015","26.9030","26.9080","26.9080","26.9005","-0.02%"
"Nov 19, 2015","26.9080","26.8965","26.9080","26.8640","0.04%"
"Nov 18, 2015","26.8965","26.9920","27.0070","26.8965","-0.35%"
"Nov 17, 2015","26.9920","26.9815","27.1055","26.9470","0.04%"
"Nov 16, 2015","26.9815","26.9785","27.1445","26.9785","0.01%"
"Nov 15, 2015","26.9785","26.9785","26.9785","26.9785","0.00%"
"Nov 13, 2015","26.9785","26.7635","26.9785","26.7635","0.80%"
"Nov 12, 2015","26.7635","26.9380","26.9920","26.7635","-0.65%"
"Nov 11, 2015","26.9380","27.0350","27.0350","26.9380","-0.36%"
"Nov 10, 2015","27.0350","27.1240","27.1240","27.0350","-0.33%"
"Nov 09, 2015","27.1240","27.0805","27.3905","27.0435","0.16%"
"Nov 08, 2015","27.0805","27.0805","27.0805","27.0805","0.00%"
"Nov 06, 2015","27.0805","27.0945","27.0945","27.0520","-0.05%"
"Nov 05, 2015","27.0945","27.0750","27.3150","27.0750","0.07%"
"Nov 04, 2015","27.0750","27.1215","27.1665","27.0750","-0.17%"
"Nov 03, 2015","27.1215","27.1240","27.1330","27.1215","-0.01%"
"Nov 02, 2015","27.1240","27.1560","27.1560","27.1240","-0.12%"
"Nov 01, 2015","27.1560","27.1560","27.1560","27.1560","0.00%"
"Oct 30, 2015","27.1560","27.0265","27.1560","26.9600","0.48%"
"Oct 29, 2015","27.0265","27.0600","27.4270","27.0265","-0.12%"
"Oct 28, 2015","27.0600","27.0670","27.1390","27.0600","-0.03%"
"Oct 27, 2015","27.0670","27.0945","27.0945","27.0150","-0.10%"
"Oct 26, 2015","27.0945","27.1370","27.2660","27.0945","-0.16%"
"Oct 25, 2015","27.1370","27.1370","27.1370","27.1370","0.00%"
"Oct 23, 2015","27.1370","27.7170","27.7170","27.1370","-2.09%"
"Oct 22, 2015","27.7170","27.1725","27.7170","27.1270","2.00%"
"Oct 21, 2015","27.1725","27.1795","27.2415","27.1725","-0.03%"
"Oct 20, 2015","27.1795","27.1635","27.1795","27.1635","0.06%"
"Oct 19, 2015","27.1635","27.1905","27.1905","27.1595","-0.10%"
"Oct 18, 2015","27.1905","27.1905","27.1905","27.1905","0.00%"
"Oct 16, 2015","27.1905","27.2120","27.3990","27.1905","-0.08%"
"Oct 15, 2015","27.2120","27.2385","27.2385","27.0865","-0.10%"
"Oct 14, 2015","27.2385","27.3015","27.3015","27.2385","-0.23%"
"Oct 13, 2015","27.3015","27.2975","27.3330","27.2975","0.01%"
"Oct 12, 2015","27.2975","27.3105","27.3105","27.2975","-0.05%"
"Oct 11, 2015","27.3105","27.3190","27.3190","27.3105","-0.03%"
"Oct 09, 2015","27.3190","27.3450","27.3655","27.3190","-0.10%"
"Oct 08, 2015","27.3450","27.3420","27.3870","27.3420","0.01%"
"Oct 07, 2015","27.3420","27.2700","27.3420","27.2700","0.26%"
"Oct 06, 2015","27.2700","27.4205","27.5465","27.2700","-0.55%"
"Oct 05, 2015","27.4205","27.4290","27.4290","27.2765","-0.03%"
"Oct 04, 2015","27.4290","27.4290","27.4290","27.4290","0.00%"
"Oct 02, 2015","27.4290","27.4505","27.4505","27.3500","-0.08%"
"Oct 01, 2015","27.4505","27.4765","27.5995","27.4505","-0.09%"
"Sep 30, 2015","27.4765","27.5210","27.5210","27.4570","-0.16%"
"Sep 29, 2015","27.5210","27.5600","27.5600","27.3315","-0.14%"
"Sep 28, 2015","27.5600","27.5880","27.5880","27.5140","-0.10%"
"Sep 27, 2015","27.5880","27.5880","27.5880","27.5880","0.00%"
"Sep 25, 2015","27.5880","27.5610","27.7075","27.5610","0.10%"
"Sep 24, 2015","27.5610","27.5550","27.5610","27.4900","0.02%"
"Sep 23, 2015","27.5550","27.5850","27.6870","27.5550","-0.11%"
"Sep 22, 2015","27.5850","27.6055","27.8300","27.5850","-0.07%"
"Sep 21, 2015","27.6055","27.6045","27.9290","27.6045","0.00%"
"Sep 20, 2015","27.6045","27.6045","27.6045","27.6045","0.00%"
"Sep 18, 2015","27.6045","27.6220","27.6220","27.3780","-0.06%"
"Sep 17, 2015","27.6220","27.6755","27.6755","27.4860","-0.19%"
"Sep 16, 2015","27.6755","26.8175","27.6755","26.8175","3.20%"
"Sep 15, 2015","26.8175","26.8370","26.8500","26.8175","-0.07%"
"Sep 14, 2015","26.8370","26.8240","26.8370","26.5830","0.05%"
"Sep 13, 2015","26.8240","26.8240","26.8240","26.8240","0.00%"
"Sep 11, 2015","26.8240","26.8320","26.8320","26.6050","-0.03%"
"Sep 10, 2015","26.8320","26.8415","26.8415","26.6705","-0.04%"
"Sep 09, 2015","26.8415","26.8610","26.8610","26.7530","-0.07%"
"Sep 08, 2015","26.8610","26.8955","26.8955","26.8610","-0.13%"
"Sep 07, 2015","26.8955","26.9250","26.9250","26.8955","-0.11%"
"Sep 06, 2015","26.9250","26.9250","26.9250","26.9250","0.00%"
"Sep 04, 2015","26.9250","27.1665","27.1665","26.9250","-0.89%"
"Sep 03, 2015","27.1665","26.9420","27.1665","26.9380","0.83%"
"Sep 02, 2015","26.9420","26.8975","26.9420","26.8975","0.17%"
"Sep 01, 2015","26.8975","26.9990","26.9990","26.8975","-0.38%"
"Aug 31, 2015","26.9990","27.0260","27.1900","26.9990","-0.10%"
"Aug 30, 2015","27.0260","27.0260","27.0260","27.0260","0.00%"
"Aug 28, 2015","27.0260","27.0255","27.1285","27.0255","0.00%"
"Aug 27, 2015","27.0255","27.0220","27.2190","27.0220","0.01%"
"Aug 26, 2015","27.0220","27.0005","27.0220","26.8835","0.08%"
"Aug 25, 2015","27.0005","26.9940","27.0005","26.8070","0.02%"
"Aug 24, 2015","26.9940","27.0350","27.0350","26.7135","-0.15%"
"Aug 23, 2015","27.0350","27.0350","27.0350","27.0350","0.00%"
"Aug 21, 2015","27.0350","27.0415","27.0415","26.8840","-0.02%"
"Aug 20, 2015","27.0415","26.8135","27.0415","26.8135","0.85%"
"Aug 19, 2015","26.8135","27.0260","27.1065","26.8135","-0.79%"
"Aug 18, 2015","27.0260","27.0110","27.0305","27.0110","0.06%"
"Aug 17, 2015","27.0110","27.1530","27.2085","27.0110","-0.52%"
"Aug 16, 2015","27.1530","27.1530","27.1530","27.1530","0.00%"
"Aug 14, 2015","27.1530","26.9930","27.1530","26.9030","0.59%"
"Aug 13, 2015","26.9930","26.9945","26.9945","26.9780","-0.01%"
"Aug 12, 2015","26.9945","27.0270","27.0270","26.9945","-0.12%"
"Aug 11, 2015","27.0270","27.0310","27.0310","26.8245","-0.01%"
"Aug 10, 2015","27.0310","27.0395","27.0395","26.9530","-0.03%"
"Aug 09, 2015","27.0395","27.0395","27.0395","27.0395","0.00%"
"Aug 07, 2015","27.0395","27.0495","27.0495","26.9990","-0.04%"
"Aug 06, 2015","27.0495","26.9535","27.0495","26.9535","0.36%"
"Aug 05, 2015","26.9535","27.0320","27.2785","26.9535","-0.29%"
"Aug 04, 2015","27.0320","27.0670","27.0945","27.0320","-0.13%"
"Aug 03, 2015","27.0670","27.0690","27.0835","27.0620","-0.01%"
"Aug 02, 2015","27.0690","27.0690","27.0690","27.0690","0.00%"
"Jul 31, 2015","27.0690","27.0500","27.1000","27.0500","0.07%"
"Jul 30, 2015","27.0500","27.0920","27.2475","27.0500","-0.16%"
"Jul 29, 2015","27.0920","27.0555","27.0920","26.9770","0.13%"
"Jul 28, 2015","27.0555","26.7065","27.0555","26.6755","1.31%"
"Jul 27, 2015","26.7065","26.7385","26.7385","26.6825","-0.12%"
"Jul 26, 2015","26.7385","26.7385","26.7385","26.7385","0.00%"
"Jul 24, 2015","26.7385","26.7280","26.7420","26.7280","0.04%"
"Jul 23, 2015","26.7280","26.7310","26.7310","26.7125","-0.01%"
"Jul 22, 2015","26.7310","26.7295","26.7310","26.5395","0.01%"
"Jul 21, 2015","26.7295","26.7335","26.7435","26.7295","-0.01%"
"Jul 20, 2015","26.7335","26.8595","26.8595","26.7335","-0.47%"
"Jul 19, 2015","26.8595","26.7265","26.8595","26.7265","0.50%"
"Jul 17, 2015","26.7265","26.7210","26.7455","26.7210","0.02%"
"Jul 16, 2015","26.7210","26.7305","26.9270","26.7210","-0.04%"
"Jul 15, 2015","26.7305","26.7095","26.7765","26.7095","0.08%"
"Jul 14, 2015","26.7095","26.6965","26.9210","26.6965","0.05%"
"Jul 13, 2015","26.6965","26.6995","26.8820","26.6965","-0.01%"
"Jul 12, 2015","26.6995","26.6995","26.6995","26.6995","0.00%"
"Jul 10, 2015","26.6995","26.7185","26.7185","26.6850","-0.07%"
"Jul 09, 2015","26.7185","26.7200","26.7200","26.5775","-0.01%"
"Jul 08, 2015","26.7200","26.7680","26.7680","26.6735","-0.18%"
"Jul 07, 2015","26.7680","26.7250","26.7680","26.6960","0.16%"
"Jul 06, 2015","26.7250","26.7505","26.9540","26.7250","-0.10%"
"Jul 05, 2015","26.7505","26.7505","26.7505","26.7505","0.00%"
"Jul 03, 2015","26.7505","26.6940","26.7505","26.6940","0.21%"
"Jul 02, 2015","26.6940","26.7230","26.8965","26.6940","-0.11%"
"Jul 01, 2015","26.7230","26.7405","26.8480","26.7230","-0.07%"
"Jun 30, 2015","26.7405","26.7455","26.7455","26.5210","-0.02%"
"Jun 29, 2015","26.7455","26.7450","27.2695","26.7450","0.00%"
"Jun 28, 2015","26.7450","26.7450","26.7450","26.7450","0.00%"
"Jun 26, 2015","26.7450","26.7325","26.7450","26.7195","0.05%"
"Jun 25, 2015","26.7325","26.7310","26.7325","26.7200","0.01%"
"Jun 24, 2015","26.7310","26.7370","26.8285","26.7310","-0.02%"
"Jun 23, 2015","26.7370","26.9970","27.0500","26.7370","-0.96%"
"Jun 22, 2015","26.9970","26.5955","27.0395","26.5700","1.51%"
"Jun 21, 2015","26.5955","26.5955","26.5955","26.5955","-0.43%"
"Jun 19, 2015","26.7100","26.7105","26.7885","26.7100","-0.00%"
"Jun 18, 2015","26.7105","26.7080","26.7105","26.4690","0.01%"
"Jun 17, 2015","26.7080","26.7050","26.7475","26.7050","0.01%"
"Jun 16, 2015","26.7050","26.7400","26.7400","26.6005","-0.13%"
"Jun 15, 2015","26.7400","26.7210","26.7400","26.6295","0.07%"
"Jun 14, 2015","26.7210","26.7210","26.7210","26.7210","0.00%"
"Jun 12, 2015","26.7210","26.7320","26.7855","26.7210","-0.04%"
"Jun 11, 2015","26.7320","26.7245","26.7320","26.6725","0.03%"
"Jun 10, 2015","26.7245","26.7130","26.7245","26.6640","0.04%"
"Jun 09, 2015","26.7130","26.6080","26.7130","26.2845","0.39%"
"Jun 08, 2015","26.6080","26.6115","26.9355","26.6080","-0.01%"
"Jun 07, 2015","26.6115","26.6115","26.6115","26.6115","0.00%"
"Jun 05, 2015","26.6115","26.6340","26.9500","26.6115","-0.08%"
"Jun 04, 2015","26.6340","26.6265","26.6340","26.2920","0.03%"
"Jun 03, 2015","26.6265","26.5895","26.6265","26.3215","0.14%"
"Jun 02, 2015","26.5895","26.6255","26.6255","26.5895","-0.14%"
"Jun 01, 2015","26.6255","26.6120","26.6435","26.6120","0.05%"
"May 31, 2015","26.6120","26.6120","26.6120","26.6120","0.00%"
"May 29, 2015","26.6120","26.6295","26.6295","26.5485","-0.07%"
"May 28, 2015","26.6295","26.6010","26.6295","26.5790","0.11%"
"May 27, 2015","26.6010","26.6110","26.6905","26.6010","-0.04%"
"May 26, 2015","26.6110","26.6175","26.6175","26.6110","-0.02%"
"May 25, 2015","26.6175","26.6035","27.0690","26.6035","0.05%"
"May 24, 2015","26.6035","26.6035","26.6035","26.6035","0.00%"
"May 22, 2015","26.6035","26.6320","26.7590","26.6035","-0.11%"
"May 21, 2015","26.6320","26.5930","26.6320","26.5910","0.15%"
"May 20, 2015","26.5930","26.6000","26.7535","26.5930","-0.03%"
"May 19, 2015","26.6000","26.6355","26.8405","26.6000","-0.13%"
"May 18, 2015","26.6355","26.6145","26.6355","26.4140","0.08%"
"May 17, 2015","26.6145","26.6145","26.6145","26.6145","0.00%"
"May 15, 2015","26.6145","26.6455","26.6800","26.6145","-0.12%"
"May 14, 2015","26.6455","26.6005","26.6455","26.3160","0.17%"
"May 13, 2015","26.6005","26.5305","26.6015","26.5305","0.26%"
"May 12, 2015","26.5305","26.5100","26.5365","26.5100","0.08%"
"May 11, 2015","26.5100","26.5080","26.5545","26.5080","0.01%"
"May 10, 2015","26.5080","26.5080","26.5080","26.5080","0.00%"
"May 08, 2015","26.5080","26.5535","26.7435","26.5080","-0.17%"
"May 07, 2015","26.5535","26.5180","26.5535","26.2750","0.13%"
"May 06, 2015","26.5180","26.5010","26.5180","26.3710","0.06%"
"May 05, 2015","26.5010","26.5080","26.5080","26.4935","-0.03%"
"May 04, 2015","26.5080","26.4600","26.5380","26.4600","0.18%"
"May 03, 2015","26.4600","26.4600","26.4600","26.4600","0.00%"
"May 01, 2015","26.4600","26.5295","26.5295","26.4600","-0.26%"
"Apr 30, 2015","26.5295","26.7600","26.7600","26.4695","-0.86%"
"Apr 29, 2015","26.7600","26.7790","26.7790","26.6970","-0.07%"
"Apr 28, 2015","26.7790","26.7940","26.7940","26.6990","-0.06%"
"Apr 27, 2015","26.7940","26.6300","26.7940","26.6300","0.62%"
"Apr 26, 2015","26.6300","26.7400","26.7400","26.6300","-0.41%"
"Apr 24, 2015","26.7400","26.6235","26.7400","26.4505","0.44%"
"Apr 23, 2015","26.6235","26.6275","26.7290","26.6235","-0.02%"
"Apr 22, 2015","26.6275","26.6190","26.6275","26.4745","0.03%"
"Apr 21, 2015","26.6190","26.5875","26.6190","26.5590","0.12%"
"Apr 20, 2015","26.5875","26.6580","26.6580","26.5875","-0.26%"
"Apr 19, 2015","26.6580","26.6425","26.6580","26.6425","0.06%"
"Apr 17, 2015","26.6425","26.4895","26.6425","26.4895","0.58%"
"Apr 16, 2015","26.4895","26.6070","26.6110","26.3865","-0.44%"
"Apr 15, 2015","26.6070","26.6220","26.6220","26.4385","-0.06%"
"Apr 14, 2015","26.6220","26.6230","26.6230","26.5010","-0.00%"
"Apr 13, 2015","26.6230","26.6120","26.6230","26.5465","0.04%"
"Apr 12, 2015","26.6120","26.6120","26.6120","26.6120","0.00%"
"Apr 10, 2015","26.6120","26.6095","26.8650","26.6095","0.01%"
"Apr 09, 2015","26.6095","26.6280","26.8355","26.6095","-0.07%"
"Apr 08, 2015","26.6280","26.6165","26.7040","26.6165","0.04%"
"Apr 07, 2015","26.6165","26.2465","26.6165","26.2465","1.41%"
"Apr 06, 2015","26.2465","26.4940","26.4940","26.1980","-0.93%"
"Apr 05, 2015","26.4940","26.4940","26.4940","26.4940","0.00%"
"Apr 03, 2015","26.4940","26.4830","26.4940","26.4830","0.04%"
"Apr 02, 2015","26.4830","26.5995","26.5995","26.4830","-0.44%"
"Apr 01, 2015","26.5995","26.6290","26.6290","26.5995","-0.11%"
"Mar 31, 2015","26.6290","26.6050","26.6335","26.6050","0.09%"
"Mar 30, 2015","26.6050","26.6095","26.6195","26.5815","-0.02%"
"Mar 29, 2015","26.6095","26.6095","26.6095","26.6095","0.00%"
"Mar 27, 2015","26.6095","26.6175","26.8740","26.6095","-0.03%"
"Mar 26, 2015","26.6175","26.6185","26.6395","26.6175","-0.00%"
"Mar 25, 2015","26.6185","26.6185","26.6185","26.6185","0.00%"
"Mar 24, 2015","26.6185","26.6150","26.6185","26.5190","0.01%"
"Mar 23, 2015","26.6150","26.5685","26.6150","26.4025","0.18%"
"Mar 22, 2015","26.5685","26.5685","26.5685","26.5685","0.00%"
"Mar 20, 2015","26.5685","26.6640","26.7160","26.5685","-0.36%"
"Mar 19, 2015","26.6640","26.6010","26.6640","25.8980","0.24%"
"Mar 18, 2015","26.6010","26.5855","26.6475","26.5855","0.06%"
"Mar 17, 2015","26.5855","26.6110","26.6110","26.5355","-0.10%"
"Mar 16, 2015","26.6110","26.6140","26.8010","26.6110","-0.01%"
"Mar 15, 2015","26.6140","26.6140","26.6140","26.6140","0.00%"
"Mar 13, 2015","26.6140","26.6355","26.7020","26.6140","-0.08%"
"Mar 12, 2015","26.6355","26.6205","26.7525","26.6205","0.06%"
"Mar 11, 2015","26.6205","26.6000","26.6980","26.6000","0.08%"
"Mar 10, 2015","26.6000","26.6190","26.6915","26.6000","-0.07%"
"Mar 09, 2015","26.6190","26.5975","26.8420","26.5975","0.08%"
"Mar 08, 2015","26.5975","26.5975","26.5975","26.5975","0.00%"
"Mar 06, 2015","26.5975","26.6245","26.6960","26.5975","-0.10%"
"Mar 05, 2015","26.6245","26.6215","26.7445","26.6215","0.01%"
"Mar 04, 2015","26.6215","26.6220","26.6220","26.5715","-0.00%"
"Mar 03, 2015","26.6220","26.6215","26.7250","26.6215","0.00%"
"Mar 02, 2015","26.6215","26.6145","26.7555","26.6145","0.03%"
"Mar 01, 2015","26.6145","26.6145","26.6145","26.6145","0.00%"
"Feb 27, 2015","26.6145","26.6330","26.9540","26.6145","-0.07%"
"Feb 26, 2015","26.6330","26.6215","26.6330","26.5810","0.04%"
"Feb 25, 2015","26.6215","26.6145","26.6215","26.5575","0.03%"
"Feb 24, 2015","26.6145","26.6230","26.6230","26.5640","-0.03%"
"Feb 23, 2015","26.6230","26.5990","26.6230","26.4975","0.09%"
"Feb 22, 2015","26.5990","26.5990","26.5990","26.5990","0.00%"
"Feb 20, 2015","26.5990","26.6340","26.7000","26.5990","-0.13%"
"Feb 19, 2015","26.6340","26.6165","26.6340","26.5575","0.07%"
"Feb 18, 2015","26.6165","26.6545","26.7055","26.6165","-0.14%"
"Feb 17, 2015","26.6545","26.6250","26.8245","26.6250","0.11%"
"Feb 16, 2015","26.6250","26.6330","26.6475","26.6250","-0.03%"
"Feb 15, 2015","26.6330","26.6330","26.6330","26.6330","0.00%"
"Feb 13, 2015","26.6330","26.5680","26.6330","26.4775","0.24%"
"Feb 12, 2015","26.5680","26.6000","26.6075","26.5680","-0.12%"
"Feb 11, 2015","26.6000","26.6010","26.6010","26.5075","-0.00%"
"Feb 10, 2015","26.6010","26.5860","26.6010","26.5520","0.06%"
"Feb 09, 2015","26.5860","26.6055","26.9090","26.5860","-0.07%"
"Feb 08, 2015","26.6055","26.6055","26.6055","26.6055","0.00%"
"Feb 06, 2015","26.6055","26.6125","26.6125","26.5195","-0.03%"
"Feb 05, 2015","26.6125","26.5895","26.8015","26.5895","0.09%"
"Feb 04, 2015","26.5895","26.4740","26.5895","26.2265","0.44%"
"Feb 03, 2015","26.4740","26.5115","26.5115","26.4685","-0.14%"
"Feb 02, 2015","26.5115","26.6240","26.6240","26.5115","-0.42%"
"Feb 01, 2015","26.6240","26.6240","26.6240","26.6240","0.48%"
"Jan 30, 2015","26.4960","26.5310","26.5310","26.4865","-0.13%"
"Jan 29, 2015","26.5310","26.5380","26.7070","26.5250","-0.03%"
"Jan 28, 2015","26.5380","26.5430","26.5430","26.4000","-0.02%"
"Jan 27, 2015","26.5430","26.5905","26.5905","26.5430","-0.18%"
"Jan 26, 2015","26.5905","26.5055","26.5905","26.4805","0.32%"
"Jan 25, 2015","26.5055","26.5055","26.5055","26.5055","-0.83%"
"Jan 23, 2015","26.7270","26.5150","27.1475","26.5150","0.80%"
"Jan 22, 2015","26.5150","26.5960","26.5960","26.5150","-0.30%"
"Jan 21, 2015","26.5960","26.4145","26.5960","26.4145","0.69%"
"Jan 20, 2015","26.4145","26.4050","26.4370","26.4050","0.04%"
"Jan 19, 2015","26.4050","26.4165","26.4830","26.4050","-0.04%"
"Jan 18, 2015","26.4165","26.4165","26.4165","26.4165","0.00%"
"Jan 16, 2015","26.4165","26.4585","26.6180","26.4165","-0.16%"
"Jan 15, 2015","26.4585","26.4440","26.4585","26.4025","0.05%"
"Jan 14, 2015","26.4440","26.4540","26.5100","26.4440","-0.04%"
"Jan 13, 2015","26.4540","26.4725","26.4725","26.3555","-0.07%"
"Jan 12, 2015","26.4725","26.4630","26.4725","26.3495","0.04%"
"Jan 11, 2015","26.4630","26.4630","26.4630","26.4630","0.00%"
"Jan 09, 2015","26.4630","26.5320","26.5320","26.4630","-0.26%"
"Jan 08, 2015","26.5320","26.5315","26.5320","26.5195","0.00%"
"Jan 07, 2015","26.5315","26.5715","26.6185","26.5315","-0.15%"
"Jan 06, 2015","26.5715","26.5910","26.5910","26.5140","-0.07%"
"Jan 05, 2015","26.5910","26.4735","26.6800","26.4735","0.44%"
"Jan 04, 2015","26.4735","26.4735","26.4735","26.4735","0.00%"
"Jan 02, 2015","26.4735","26.6185","26.6905","26.4735","-0.54%"
"Jan 01, 2015","26.6185","26.4980","26.6195","26.4980","0.45%"
"Dec 31, 2014","26.4980","26.5525","26.5525","26.4980","-0.21%"
"Dec 30, 2014","26.5525","26.2990","26.5525","26.2990","0.96%"
"Dec 29, 2014","26.2990","26.3255","26.3565","26.2990","-0.10%"
"Dec 28, 2014","26.3255","26.3255","26.3255","26.3255","0.00%"
"Dec 24, 2014","26.3255","26.3670","26.4390","26.3255","-0.16%"
"Dec 23, 2014","26.3670","26.3665","26.4450","26.3665","0.00%"
"Dec 22, 2014","26.3665","26.3735","26.4530","26.3665","-0.03%"
"Dec 21, 2014","26.3735","26.3735","26.3735","26.3735","0.00%"
"Dec 19, 2014","26.3735","26.4255","26.4840","26.3735","-0.20%"
"Dec 18, 2014","26.4255","26.4200","26.6840","26.4200","0.02%"
"Dec 17, 2014","26.4200","26.4495","26.5375","26.4200","-0.11%"
"Dec 16, 2014","26.4495","26.4640","26.4640","26.4430","-0.05%"
"Dec 15, 2014","26.4640","26.4795","26.4795","26.4640","-0.06%"
"Dec 14, 2014","26.4795","26.4795","26.4795","26.4795","0.00%"
"Dec 12, 2014","26.4795","26.4905","26.6125","26.4795","-0.04%"
"Dec 11, 2014","26.4905","26.5110","26.5110","26.2535","-0.08%"
"Dec 10, 2014","26.5110","26.5015","26.5110","26.4660","0.04%"
"Dec 09, 2014","26.5015","26.5445","26.5445","26.4585","-0.16%"
"Dec 08, 2014","26.5445","26.5545","26.6680","26.5445","-0.04%"
"Dec 07, 2014","26.5545","26.5545","26.5545","26.5545","0.00%"
"Dec 05, 2014","26.5545","26.5905","26.5905","26.4235","-0.14%"
"Dec 04, 2014","26.5905","26.5905","26.6090","26.5905","0.00%"
"Dec 03, 2014","26.5905","26.7155","26.7155","26.5905","-0.47%"
"Dec 02, 2014","26.7155","26.6040","26.7155","26.5925","0.42%"
"Dec 01, 2014","26.6040","26.6535","26.6880","26.6040","-0.19%"
"Nov 30, 2014","26.6535","26.6535","26.6535","26.6535","0.28%"
"Nov 28, 2014","26.5785","26.6365","26.6705","26.5785","-0.22%"
"Nov 27, 2014","26.6365","26.4970","26.6365","26.4970","0.53%"
"Nov 26, 2014","26.4970","26.5370","26.5905","26.4970","-0.15%"
"Nov 25, 2014","26.5370","26.5620","26.6200","26.5370","-0.09%"
"Nov 24, 2014","26.5620","26.6070","26.7240","26.5620","-0.17%"
"Nov 23, 2014","26.6070","26.6070","26.6070","26.6070","0.00%"
"Nov 21, 2014","26.6070","26.6080","26.6080","26.5740","-0.00%"
"Nov 20, 2014","26.6080","26.6155","26.6260","26.6080","-0.03%"
"Nov 19, 2014","26.6155","26.6195","26.6205","26.6055","-0.02%"
"Nov 18, 2014","26.6195","26.7105","26.7105","26.6195","-0.34%"
"Nov 17, 2014","26.7105","26.4540","26.7105","26.4430","0.97%"
"Nov 16, 2014","26.4540","26.4540","26.4540","26.4540","-0.62%"
"Nov 14, 2014","26.6200","26.6015","26.6235","26.6015","0.07%"
"Nov 13, 2014","26.6015","26.6820","26.6820","26.6015","-0.30%"
"Nov 12, 2014","26.6820","26.4950","26.6820","26.4950","0.71%"
"Nov 11, 2014","26.4950","26.7595","26.7595","26.4950","-0.99%"
"Nov 10, 2014","26.7595","26.4935","26.7595","26.4660","1.00%"
"Nov 09, 2014","26.4935","26.4935","26.4935","26.4935","-0.52%"
"Nov 07, 2014","26.6315","26.9280","26.9280","26.6315","-1.10%"
"Nov 06, 2014","26.9280","26.6015","26.9280","26.5325","1.23%"
"Nov 05, 2014","26.6015","26.5515","26.6200","26.5320","0.19%"
"Nov 04, 2014","26.5515","26.8070","26.8070","26.5515","-0.95%"
"Nov 03, 2014","26.8070","26.7470","26.8580","26.7470","0.22%"
"Nov 02, 2014","26.7470","26.7470","26.7470","26.7470","0.44%"
"Oct 31, 2014","26.6295","26.6445","26.6445","26.5825","-0.06%"
"Oct 30, 2014","26.6445","26.8275","26.8530","26.6445","-0.68%"
"Oct 29, 2014","26.8275","26.5475","26.8275","26.5475","1.05%"
"Oct 28, 2014","26.5475","26.5750","26.6215","26.5475","-0.10%"
"Oct 27, 2014","26.5750","26.5895","26.6135","26.5480","-0.05%"
"Oct 26, 2014","26.5895","26.5895","26.5895","26.5895","-0.14%"
"Oct 24, 2014","26.6265","26.6655","26.6655","26.6265","-0.15%"
"Oct 23, 2014","26.6655","26.5835","26.7205","26.5835","0.31%"
"Oct 22, 2014","26.5835","26.7105","26.7110","26.5835","-0.48%"
"Oct 21, 2014","26.7105","26.6155","26.7105","26.5750","0.36%"
"Oct 20, 2014","26.6155","26.6210","26.7570","26.6155","-0.02%"
"Oct 19, 2014","26.6210","26.6210","26.6210","26.6210","0.00%"
"Oct 17, 2014","26.6210","26.5015","26.6210","26.4875","0.45%"
"Oct 16, 2014","26.5015","26.2450","26.6075","26.2225","0.98%"
"Oct 15, 2014","26.2450","26.6480","26.6760","26.2450","-1.51%"
"Oct 14, 2014","26.6480","26.5520","26.6510","26.5520","0.36%"
"Oct 13, 2014","26.5520","26.7600","26.7600","26.5520","-0.78%"
"Oct 12, 2014","26.7600","26.7600","26.7600","26.7600","0.31%"
"Oct 10, 2014","26.6780","26.7775","26.7820","26.6780","-0.37%"
"Oct 09, 2014","26.7775","26.6200","26.7775","26.4675","0.59%"
"Oct 08, 2014","26.6200","26.1690","26.6200","26.1690","1.72%"
"Oct 07, 2014","26.1690","26.0990","26.3320","26.0990","0.27%"
"Oct 06, 2014","26.0990","26.2305","26.3230","26.0990","-0.50%"
"Oct 05, 2014","26.2305","26.2305","26.2305","26.2305","0.82%"
"Oct 03, 2014","26.0180","26.0665","26.0665","26.0180","-0.19%"
"Oct 02, 2014","26.0665","26.0765","26.0765","26.0565","-0.04%"
"Oct 01, 2014","26.0765","26.1310","26.1495","26.0765","-0.21%"
"Sep 30, 2014","26.1310","26.2140","26.2385","26.1310","-0.32%"
"Sep 29, 2014","26.2140","26.3765","26.3890","26.2140","-0.62%"
"Sep 28, 2014","26.3765","26.3765","26.3765","26.3765","0.43%"
"Sep 26, 2014","26.2635","26.1780","26.2635","26.1780","0.33%"
"Sep 25, 2014","26.1780","26.3785","26.3810","26.1780","-0.76%"
"Sep 24, 2014","26.3785","26.3805","26.3805","26.2485","-0.01%"
"Sep 23, 2014","26.3805","26.2610","26.3805","26.2550","0.46%"
"Sep 22, 2014","26.2610","26.3490","26.3490","26.2610","-0.33%"
"Sep 21, 2014","26.3490","26.3490","26.3490","26.3490","0.28%"
"Sep 19, 2014","26.2750","26.1990","26.2750","26.1990","0.29%"